timestamp,lat,lon,alt,speed,heading
67.328157,20.4823574,-103.3030431,1566.4,0.03,0.0
67.532324,20.4823575,-103.3030431,1566.4,0.02,0.0
67.736102,20.4823575,-103.3030431,1566.3,0.02,0.0
67.93063,20.4823575,-103.3030431,1566.3,0.0,0.0
68.132513,20.4823575,-103.3030431,1566.3,0.02,0.0
68.331474,20.4823575,-103.3030431,1566.3,0.04,0.0
68.527737,20.4823575,-103.3030431,1566.3,0.02,0.0
68.741771,20.4823575,-103.3030431,1566.3,0.04,0.0
68.929555,20.4823575,-103.3030431,1566.3,0.03,0.0
69.128237,20.4823576,-103.3030431,1566.3,0.05,0.0
69.33147,20.4823576,-103.3030431,1566.3,0.03,0.0
69.523985,20.4823576,-103.3030431,1566.3,0.06,0.0
69.741726,20.4823576,-103.3030431,1566.3,0.04,0.0
69.930893,20.4823576,-103.3030431,1566.3,0.02,0.0
70.129114,20.4823576,-103.3030432,1566.3,0.01,0.0
70.324573,20.4823576,-103.3030431,1566.3,0.01,0.0
70.527699,20.4823576,-103.3030431,1566.3,0.01,0.0
70.743822,20.4823576,-103.3030432,1566.3,0.05,0.0
70.927284,20.4823576,-103.3030432,1566.3,0.03,0.0
71.130155,20.4823576,-103.3030432,1566.3,0.04,0.0
71.323568,20.4823577,-103.3030432,1566.3,0.01,0.0
71.525642,20.4823577,-103.3030432,1566.3,0.01,0.0
71.748226,20.4823577,-103.3030432,1566.3,0.03,0.0
71.928443,20.4823577,-103.3030432,1566.3,0.03,0.0
72.123618,20.4823576,-103.3030432,1566.3,0.11,0.0
72.328921,20.4823577,-103.3030432,1566.4,0.57,0.0
72.527638,20.4823576,-103.3030433,1566.5,0.79,0.0
72.738285,20.4823574,-103.3030435,1566.7,1.16,0.0
72.928277,20.4823573,-103.3030438,1566.9,1.17,0.0
73.12678,20.4823571,-103.3030443,1567.2,1.15,0.0
73.325602,20.4823569,-103.3030448,1567.4,1.25,0.0
73.528977,20.4823566,-103.3030454,1567.6,1.21,0.0
73.745785,20.4823564,-103.3030458,1567.8,1.13,0.0
73.920872,20.4823562,-103.3030462,1568.0,1.28,0.0
74.134416,20.482356,-103.3030465,1568.3,1.16,0.0
74.331024,20.4823558,-103.3030466,1568.5,1.29,0.0
74.534104,20.4823557,-103.3030466,1568.8,1.38,0.0
74.738376,20.4823556,-103.3030466,1569.0,1.32,0.0
74.930623,20.4823556,-103.3030464,1569.3,1.25,0.0
75.127079,20.4823556,-103.3030464,1569.5,1.34,0.0
75.334248,20.4823556,-103.3030463,1569.8,1.36,0.0
75.536088,20.4823557,-103.3030461,1570.0,1.35,0.0
75.734837,20.4823558,-103.303046,1570.3,1.34,0.0
75.942492,20.4823559,-103.3030458,1570.6,1.33,0.0
76.138144,20.482356,-103.3030457,1570.8,1.35,0.0
76.333622,20.4823561,-103.3030457,1571.1,1.36,0.0
76.537468,20.4823561,-103.3030457,1571.4,1.48,0.0
76.753657,20.4823561,-103.3030456,1571.7,1.53,0.0
76.935147,20.4823561,-103.3030455,1572.0,1.68,0.0
77.138283,20.4823561,-103.3030454,1572.4,1.82,0.0
77.335606,20.4823562,-103.3030453,1572.7,1.79,0.0
77.525819,20.4823564,-103.3030452,1573.0,1.84,0.0
77.753859,20.4823566,-103.303045,1573.4,1.92,0.0
77.941812,20.4823569,-103.3030448,1573.8,1.93,0.0
78.130608,20.4823572,-103.3030447,1574.2,2.0,0.0
78.333595,20.4823575,-103.3030446,1574.6,2.08,0.0
78.536864,20.4823577,-103.3030447,1575.0,2.28,0.0
78.751604,20.482358,-103.3030449,1575.4,2.0,0.0
78.935311,20.4823582,-103.3030452,1575.7,1.26,0.0
79.136056,20.4823584,-103.3030455,1575.9,0.68,0.0
79.320653,20.4823585,-103.3030459,1576.0,0.24,0.0
79.527276,20.4823586,-103.3030463,1575.9,0.3,0.0
79.746136,20.4823586,-103.3030467,1575.9,0.17,0.0
79.928601,20.4823585,-103.3030469,1575.9,0.14,0.0
80.125973,20.4823584,-103.3030472,1575.9,0.11,0.0
80.327197,20.4823582,-103.3030472,1575.9,0.08,0.0
80.527065,20.4823581,-103.3030471,1575.9,0.11,0.0
80.738495,20.4823579,-103.3030469,1575.8,0.17,0.0
80.927756,20.4823578,-103.3030467,1575.8,0.13,0.0
81.124017,20.4823577,-103.3030464,1575.8,0.18,0.0
81.330501,20.4823575,-103.3030462,1575.8,0.13,0.0
81.527298,20.4823574,-103.3030459,1575.8,0.16,0.0
81.747074,20.4823574,-103.3030457,1575.8,0.09,0.0
81.925621,20.4823574,-103.3030455,1575.8,0.11,0.0
82.128598,20.4823574,-103.3030453,1575.8,0.11,0.0
82.325152,20.4823575,-103.3030451,1575.8,0.1,0.0
82.52741,20.4823577,-103.303045,1575.8,0.14,0.0
82.743579,20.4823578,-103.3030448,1575.8,0.12,0.0
82.92709,20.482358,-103.3030447,1575.8,0.15,0.0
83.130898,20.4823582,-103.3030445,1575.8,0.15,0.0
83.327465,20.4823584,-103.3030443,1575.8,0.12,0.0
83.526825,20.4823586,-103.3030442,1575.8,0.14,0.0
83.731482,20.4823588,-103.3030441,1575.7,0.13,0.0
83.927035,20.482359,-103.3030439,1575.7,0.12,0.0
84.126813,20.4823591,-103.3030438,1575.7,0.1,0.0
84.326807,20.4823593,-103.3030437,1575.7,0.12,0.0
84.527477,20.4823594,-103.3030437,1575.8,0.07,0.0
84.738241,20.4823595,-103.3030436,1575.8,0.09,0.0
84.929046,20.4823595,-103.3030436,1575.8,0.04,0.0
85.127577,20.4823596,-103.3030436,1575.8,0.03,0.0
85.325507,20.4823596,-103.3030435,1575.8,0.04,0.0
85.518446,20.4823595,-103.3030435,1575.8,0.07,0.0
85.745484,20.4823595,-103.3030435,1575.8,0.07,0.0
85.927143,20.4823594,-103.3030435,1575.8,0.07,0.0
86.12866,20.4823593,-103.3030436,1575.8,0.05,0.0
86.327355,20.4823591,-103.3030436,1575.8,0.16,0.0
86.525574,20.4823588,-103.3030435,1575.8,0.25,0.0
86.738243,20.4823581,-103.3030434,1575.8,0.55,0.0
86.92703,20.4823567,-103.3030433,1575.8,1.06,0.0
87.126832,20.4823543,-103.3030433,1575.8,1.55,0.0
87.320127,20.4823511,-103.3030432,1575.8,2.14,0.0
87.526886,20.4823469,-103.3030432,1575.9,2.54,0.0
87.738211,20.482342,-103.3030431,1575.9,2.92,0.0
87.928345,20.4823366,-103.3030429,1575.9,3.15,0.0
88.125873,20.4823307,-103.3030427,1575.9,3.39,0.0
88.324734,20.4823246,-103.3030425,1575.9,3.49,0.0
88.530348,20.4823182,-103.3030422,1575.9,3.62,0.0
88.752227,20.4823117,-103.3030418,1575.9,3.68,0.0
88.929418,20.4823051,-103.3030412,1576.0,3.69,0.0
89.124525,20.4822984,-103.3030407,1576.0,3.81,0.0
89.334206,20.4822915,-103.3030401,1576.0,3.89,0.0
89.533997,20.4822845,-103.3030395,1576.0,3.96,0.0
89.753878,20.4822773,-103.303039,1576.0,4.11,0.0
89.932632,20.4822699,-103.3030386,1576.0,4.17,0.0
90.134362,20.4822623,-103.3030382,1576.0,4.24,0.0
90.335267,20.4822547,-103.3030379,1576.0,4.27,0.0
90.535204,20.482247,-103.3030376,1576.0,4.34,0.0
90.745826,20.4822391,-103.3030374,1576.0,4.41,0.0
90.935095,20.4822312,-103.3030371,1576.0,4.43,0.0
91.134735,20.4822232,-103.3030368,1576.0,4.46,0.0
91.333938,20.4822152,-103.3030365,1576.0,4.53,0.0
91.535589,20.4822071,-103.3030361,1576.0,4.5,0.0
91.750325,20.482199,-103.3030358,1576.0,4.53,0.0
91.927589,20.482191,-103.3030355,1576.0,4.41,0.0
92.129321,20.4821833,-103.3030352,1576.0,4.11,0.0
92.327037,20.4821763,-103.303035,1576.0,3.67,0.0
92.526923,20.4821705,-103.3030349,1576.0,2.88,0.0
92.738481,20.4821659,-103.3030348,1576.0,2.24,0.0
92.926775,20.4821625,-103.3030347,1576.0,1.61,0.0
93.125972,20.4821601,-103.3030347,1576.0,1.1,0.0
93.329083,20.4821585,-103.3030348,1575.9,0.72,0.0
93.520326,20.4821574,-103.3030349,1575.9,0.54,0.0
93.739965,20.4821565,-103.303035,1575.9,0.43,0.0
93.93032,20.4821557,-103.3030352,1575.9,0.47,0.0
94.128311,20.482155,-103.3030354,1575.9,0.43,0.0
94.327046,20.4821542,-103.3030355,1575.9,0.46,0.0
94.528174,20.4821533,-103.3030356,1575.9,0.5,0.0
94.743903,20.4821525,-103.3030357,1575.9,0.41,0.0
94.926812,20.4821517,-103.3030358,1575.9,0.48,0.0
95.129278,20.482151,-103.303036,1575.9,0.37,0.0
95.321769,20.4821504,-103.3030365,1575.8,0.5,0.0
95.525799,20.4821499,-103.3030376,1575.8,0.77,0.0
95.744832,20.4821495,-103.3030395,1575.9,1.22,0.0
95.928565,20.4821492,-103.3030422,1575.9,1.62,0.0
96.126142,20.4821491,-103.3030457,1575.9,2.04,0.0
96.329268,20.482149,-103.30305,1575.9,2.43,0.0
96.526919,20.482149,-103.303055,1575.9,2.75,0.0
96.738521,20.482149,-103.3030605,1575.9,3.02,0.0
96.927496,20.4821491,-103.3030666,1575.9,3.29,0.0
97.122794,20.4821492,-103.3030732,1575.9,3.52,0.0
97.326859,20.4821493,-103.3030802,1575.9,3.77,0.0
97.529086,20.4821495,-103.3030876,1575.9,3.93,0.0
97.746215,20.4821496,-103.3030953,1575.9,4.11,0.0
97.924304,20.4821497,-103.3031033,1575.9,4.22,0.0
98.128212,20.4821499,-103.3031115,1575.9,4.37,0.0
98.325881,20.48215,-103.30312,1575.9,4.45,0.0
98.52582,20.4821502,-103.3031287,1576.0,4.59,0.0
98.740002,20.4821503,-103.3031376,1576.0,4.69,0.0
98.925525,20.4821506,-103.3031467,1576.0,4.82,0.0
99.12713,20.4821509,-103.3031561,1576.0,4.92,0.0
99.329278,20.4821511,-103.3031656,1576.0,4.98,0.0
99.525597,20.4821513,-103.3031752,1576.0,5.06,0.0
99.728643,20.4821515,-103.3031847,1576.0,4.91,0.0
99.926239,20.4821517,-103.3031939,1576.0,4.62,0.0
100.126955,20.4821519,-103.3032022,1576.1,4.06,0.0
100.324592,20.482152,-103.3032092,1576.1,3.24,0.0
100.52559,20.4821521,-103.3032147,1576.2,2.5,0.0
100.740618,20.4821522,-103.3032187,1576.1,1.74,0.0
100.924253,20.4821523,-103.3032215,1576.1,1.15,0.0
101.126127,20.4821524,-103.3032233,1576.1,0.74,0.0
101.325931,20.4821525,-103.3032244,1576.1,0.49,0.0
101.517122,20.4821525,-103.3032252,1576.0,0.36,0.0
101.747317,20.4821526,-103.3032259,1576.0,0.29,0.0
101.927669,20.4821527,-103.3032264,1576.0,0.24,0.0
102.125141,20.4821527,-103.3032267,1576.0,0.19,0.0
102.324952,20.4821529,-103.3032269,1576.1,0.13,0.0
102.525953,20.482153,-103.3032269,1576.1,0.1,0.0
102.735537,20.4821531,-103.3032265,1576.1,0.32,0.0
102.926815,20.4821531,-103.3032256,1576.1,0.68,0.0
103.125242,20.4821531,-103.3032239,1576.1,1.17,0.0
103.316781,20.482153,-103.3032212,1576.2,1.57,0.0
103.525129,20.4821529,-103.3032177,1576.2,2.15,0.0
103.745344,20.4821526,-103.3032131,1576.2,2.61,0.0
103.926891,20.4821523,-103.3032077,1576.2,3.08,0.0
104.135131,20.482152,-103.3032014,1576.2,3.44,0.0
104.333973,20.4821518,-103.3031945,1576.2,3.74,0.0
104.526795,20.4821515,-103.3031871,1576.2,4.03,0.0
104.740309,20.4821513,-103.3031792,1576.2,4.23,0.0
104.934285,20.4821511,-103.3031708,1576.2,4.49,0.0
105.12678,20.4821509,-103.3031621,1576.2,4.68,0.0
105.334794,20.4821507,-103.303153,1576.2,4.8,0.0
105.534576,20.4821505,-103.3031436,1576.2,4.95,0.0
105.748477,20.4821503,-103.303134,1576.2,5.06,0.0
105.933627,20.48215,-103.3031243,1576.2,5.12,0.0
106.134136,20.4821496,-103.3031144,1576.2,5.25,0.0
106.333473,20.4821493,-103.3031041,1576.2,5.41,0.0
106.534993,20.4821489,-103.3030937,1576.2,5.47,0.0
106.750105,20.4821485,-103.3030832,1576.2,5.53,0.0
106.929347,20.4821481,-103.3030726,1576.2,5.58,0.0
107.137418,20.4821476,-103.3030619,1576.2,5.61,0.0
107.333559,20.4821471,-103.303051,1576.2,5.76,0.0
107.533857,20.4821469,-103.3030399,1576.2,5.77,0.0
107.745577,20.4821466,-103.3030288,1576.2,5.8,0.0
107.934532,20.4821465,-103.3030177,1576.2,5.85,0.0
108.133618,20.4821463,-103.3030065,1576.2,5.77,0.0
108.333871,20.4821462,-103.3029954,1576.2,5.8,0.0
108.534783,20.4821461,-103.3029843,1576.2,5.84,0.0
108.744351,20.4821459,-103.3029731,1576.2,5.81,0.0
108.935667,20.4821457,-103.302962,1576.1,5.83,0.0
109.136754,20.4821454,-103.3029508,1576.1,5.8,0.0
109.332794,20.482145,-103.3029398,1576.1,5.79,0.0
109.528558,20.4821446,-103.3029286,1576.0,5.82,0.0
109.755358,20.4821442,-103.3029175,1576.0,5.8,0.0
109.929295,20.4821439,-103.3029064,1576.0,5.82,0.0
110.125675,20.4821436,-103.3028953,1575.9,5.79,0.0
110.326864,20.4821434,-103.3028845,1575.9,5.5,0.0
110.526851,20.4821431,-103.3028743,1575.8,5.16,0.0
110.741481,20.4821429,-103.3028652,1575.8,4.37,0.0
110.926111,20.4821428,-103.3028578,1575.8,3.41,0.0
111.12497,20.4821429,-103.3028522,1575.8,2.39,0.0
111.318275,20.482143,-103.3028484,1575.8,1.61,0.0
111.525635,20.4821432,-103.3028459,1575.8,1.02,0.0
111.744777,20.4821434,-103.3028444,1575.7,0.62,0.0
111.929424,20.4821435,-103.3028435,1575.7,0.44,0.0
112.126885,20.4821435,-103.3028428,1575.7,0.3,0.0
112.326848,20.4821434,-103.3028422,1575.6,0.36,0.0
112.528695,20.4821433,-103.3028415,1575.6,0.35,0.0
112.744792,20.4821432,-103.3028408,1575.6,0.37,0.0
112.927265,20.482143,-103.3028401,1575.6,0.44,0.0
113.122355,20.4821429,-103.3028393,1575.6,0.4,0.0
113.326803,20.4821428,-103.3028385,1575.6,0.38,0.0
113.525179,20.4821427,-103.3028379,1575.6,0.32,0.0
113.743579,20.4821427,-103.3028373,1575.6,0.23,0.0
113.927134,20.4821427,-103.3028369,1575.6,0.19,0.0
114.127086,20.4821428,-103.3028366,1575.6,0.14,0.0
114.327458,20.4821429,-103.3028364,1575.6,0.12,0.0
114.526812,20.4821431,-103.3028363,1575.6,0.16,0.0
114.734781,20.4821434,-103.3028362,1575.6,0.14,0.0
114.920619,20.4821436,-103.3028361,1575.6,0.14,0.0
115.125873,20.4821439,-103.3028362,1575.6,0.14,0.0
115.324455,20.482144,-103.3028363,1575.6,0.11,0.0
115.526795,20.4821442,-103.3028364,1575.6,0.12,0.0
115.740229,20.4821442,-103.3028366,1575.6,0.18,0.0
115.926737,20.4821442,-103.3028369,1575.7,0.15,0.0
116.12604,20.4821442,-103.3028372,1575.7,0.18,0.0
116.325945,20.4821441,-103.3028375,1575.7,0.2,0.0
116.524762,20.482144,-103.3028378,1575.7,0.16,0.0
116.732864,20.4821439,-103.3028381,1575.7,0.17,0.0
116.927131,20.4821438,-103.3028384,1575.7,0.17,0.0
117.124564,20.4821437,-103.3028386,1575.7,0.17,0.0
117.326743,20.4821436,-103.3028389,1575.8,0.16,0.0
117.520847,20.4821435,-103.3028391,1575.8,0.19,0.0
117.73574,20.4821433,-103.3028392,1575.8,0.13,0.0
117.926951,20.4821432,-103.3028394,1575.8,0.14,0.0
118.126876,20.4821431,-103.3028396,1575.8,0.1,0.0
118.325234,20.482143,-103.3028397,1575.8,0.1,0.0
118.524069,20.4821429,-103.3028398,1575.8,0.1,0.0
118.741147,20.4821428,-103.3028399,1575.8,0.06,0.0
118.92483,20.4821427,-103.30284,1575.8,0.09,0.0
119.127524,20.4821426,-103.3028401,1575.8,0.1,0.0
119.324272,20.4821425,-103.3028402,1575.8,0.09,0.0
119.532642,20.4821424,-103.3028404,1575.8,0.13,0.0
119.741221,20.4821423,-103.3028406,1575.9,0.14,0.0
119.926898,20.4821421,-103.3028409,1575.9,0.16,0.0
120.131863,20.482142,-103.3028412,1575.9,0.16,0.0
120.334868,20.4821419,-103.3028415,1575.9,0.17,0.0
120.532569,20.4821419,-103.3028418,1575.9,0.14,0.0
120.744275,20.4821419,-103.302842,1575.9,0.12,0.0
120.93568,20.4821418,-103.3028422,1575.9,0.15,0.0
121.123986,20.4821417,-103.3028424,1575.9,0.09,0.0
121.331757,20.4821416,-103.3028426,1575.9,0.11,0.0
121.531482,20.4821415,-103.3028428,1575.9,0.12,0.0
121.757168,20.4821414,-103.3028431,1575.9,0.2,0.0
121.926923,20.4821414,-103.3028436,1575.9,0.37,0.0
122.126854,20.4821415,-103.3028447,1575.9,0.74,0.0
122.330008,20.4821417,-103.3028465,1575.9,1.17,0.0
122.530675,20.4821421,-103.3028492,1575.9,1.62,0.0
122.742242,20.4821426,-103.3028528,1575.9,2.13,0.0
122.923741,20.4821432,-103.3028573,1575.9,2.56,0.0
123.127633,20.4821439,-103.3028625,1575.9,2.89,0.0
123.330129,20.4821446,-103.3028683,1575.9,3.22,0.0
123.528502,20.4821454,-103.3028747,1575.9,3.48,0.0
123.736961,20.4821463,-103.3028816,1575.9,3.69,0.0
123.929393,20.4821471,-103.3028888,1575.9,3.86,0.0
124.130145,20.4821479,-103.3028963,1575.9,4.06,0.0
124.327647,20.4821488,-103.3029042,1576.0,4.18,0.0
124.528684,20.4821496,-103.3029122,1576.0,4.29,0.0
124.740503,20.4821505,-103.3029205,1576.0,4.38,0.0
124.928342,20.4821514,-103.302929,1576.0,4.53,0.0
125.131215,20.4821523,-103.3029377,1576.0,4.64,0.0
125.330124,20.4821532,-103.3029466,1576.0,4.69,0.0
125.522374,20.4821541,-103.3029557,1576.0,4.77,0.0
125.743656,20.482155,-103.3029649,1576.0,4.9,0.0
125.927236,20.4821559,-103.3029743,1576.0,4.95,0.0
126.127094,20.4821568,-103.3029838,1576.0,5.04,0.0
126.329294,20.4821577,-103.3029935,1576.0,5.14,0.0
126.524776,20.4821587,-103.3030034,1576.0,5.18,0.0
126.738676,20.4821597,-103.3030133,1576.0,5.23,0.0
126.928856,20.4821608,-103.3030234,1576.0,5.29,0.0
127.128455,20.4821618,-103.3030335,1576.0,5.34,0.0
127.32072,20.482163,-103.3030437,1576.0,5.35,0.0
127.528244,20.4821641,-103.3030539,1576.0,5.41,0.0
127.746835,20.4821652,-103.3030643,1576.0,5.5,0.0
127.931152,20.4821663,-103.3030748,1576.1,5.49,0.0
128.128895,20.4821674,-103.3030853,1576.1,5.56,0.0
128.3268,20.4821685,-103.303096,1576.1,5.6,0.0
128.526244,20.4821696,-103.3031067,1576.1,5.58,0.0
128.741085,20.4821706,-103.3031173,1576.1,5.61,0.0
128.929312,20.4821717,-103.303128,1576.1,5.61,0.0
129.119305,20.4821728,-103.3031387,1576.1,5.6,0.0
129.33,20.4821738,-103.3031494,1576.2,5.6,0.0
129.526811,20.4821749,-103.3031601,1576.2,5.63,0.0
129.739092,20.482176,-103.3031708,1576.2,5.63,0.0
129.928279,20.4821771,-103.3031816,1576.2,5.66,0.0
130.128159,20.4821782,-103.3031924,1576.2,5.65,0.0
130.326819,20.4821793,-103.3032032,1576.2,5.69,0.0
130.526825,20.4821805,-103.3032139,1576.2,5.63,0.0
130.742314,20.4821817,-103.3032247,1576.3,5.67,0.0
130.918475,20.4821829,-103.3032354,1576.3,5.61,0.0
131.127745,20.4821841,-103.3032461,1576.3,5.6,0.0
131.326786,20.4821853,-103.3032567,1576.3,5.55,0.0
131.52536,20.4821864,-103.3032673,1576.3,5.51,0.0
131.746826,20.4821875,-103.3032776,1576.3,5.36,0.0
131.929291,20.4821886,-103.3032877,1576.3,5.28,0.0
132.128217,20.4821895,-103.3032978,1576.3,5.24,0.0
132.327062,20.4821905,-103.3033077,1576.3,5.15,0.0
132.526882,20.4821915,-103.3033174,1576.3,5.08,0.0
132.729341,20.4821924,-103.3033269,1576.3,4.82,0.0
132.931442,20.4821933,-103.3033356,1576.3,4.34,0.0
133.127647,20.482194,-103.3033432,1576.3,3.65,0.0
133.3253,20.4821945,-103.3033495,1576.4,2.94,0.0
133.524053,20.4821949,-103.3033544,1576.4,2.21,0.0
133.745564,20.4821952,-103.303358,1576.4,1.62,0.0
133.925881,20.4821954,-103.3033606,1576.3,1.12,0.0
134.128735,20.4821955,-103.3033624,1576.3,0.79,0.0
134.326849,20.4821956,-103.3033637,1576.3,0.58,0.0
134.52352,20.4821957,-103.3033647,1576.3,0.46,0.0
134.740071,20.4821958,-103.3033654,1576.3,0.35,0.0
134.928968,20.482196,-103.3033661,1576.3,0.36,0.0
135.130716,20.4821962,-103.3033666,1576.3,0.28,0.0
135.323995,20.4821965,-103.303367,1576.3,0.22,0.0
135.535591,20.4821967,-103.3033672,1576.3,0.13,0.0
135.744211,20.4821969,-103.3033671,1576.3,0.22,0.0
135.932281,20.482197,-103.3033663,1576.3,0.61,0.0
136.131891,20.4821969,-103.3033646,1576.4,1.14,0.0
136.326801,20.4821966,-103.3033618,1576.4,1.78,0.0
136.536901,20.4821962,-103.3033578,1576.4,2.48,0.0
136.756812,20.4821955,-103.3033524,1576.4,3.15,0.0
136.93687,20.4821946,-103.3033459,1576.3,3.75,0.0
137.128552,20.4821935,-103.3033383,1576.3,4.18,0.0
137.336124,20.4821924,-103.30333,1576.3,4.54,0.0
137.534759,20.4821913,-103.3033212,1576.3,4.76,0.0
137.756712,20.4821901,-103.303312,1576.4,4.93,0.0
137.937649,20.4821889,-103.3033025,1576.4,5.1,0.0
138.136252,20.4821877,-103.3032927,1576.4,5.19,0.0
138.337158,20.4821865,-103.3032827,1576.3,5.33,0.0
138.536095,20.4821853,-103.3032725,1576.3,5.4,0.0
138.74876,20.482184,-103.3032622,1576.3,5.46,0.0
138.928207,20.4821828,-103.3032517,1576.3,5.54,0.0
139.137463,20.4821815,-103.3032412,1576.3,5.57,0.0
139.330937,20.4821803,-103.3032305,1576.3,5.6,0.0
139.538318,20.4821791,-103.3032199,1576.3,5.56,0.0
139.755726,20.4821779,-103.3032093,1576.3,5.64,0.0
139.93822,20.4821768,-103.3031984,1576.3,5.74,0.0
140.138605,20.4821756,-103.3031875,1576.3,5.76,0.0
140.33737,20.4821745,-103.3031763,1576.3,5.99,0.0
140.527624,20.4821733,-103.3031648,1576.3,6.08,0.0
140.731795,20.4821722,-103.3031531,1576.3,6.23,0.0
140.928297,20.482171,-103.3031411,1576.3,6.33,0.0
141.129238,20.4821698,-103.303129,1576.3,6.34,0.0
141.328156,20.4821687,-103.3031169,1576.3,6.33,0.0
141.524778,20.4821676,-103.3031049,1576.3,6.29,0.0
141.747091,20.4821665,-103.3030929,1576.3,6.26,0.0
141.930007,20.4821653,-103.303081,1576.3,6.28,0.0
142.128281,20.4821641,-103.303069,1576.3,6.22,0.0
142.325942,20.4821628,-103.3030572,1576.2,6.27,0.0
142.524962,20.4821614,-103.3030452,1576.2,6.35,0.0
142.745139,20.48216,-103.303033,1576.2,6.44,0.0
142.928833,20.4821586,-103.3030207,1576.3,6.47,0.0
143.12999,20.4821571,-103.3030083,1576.3,6.56,0.0
143.324092,20.4821557,-103.3029959,1576.3,6.53,0.0
143.529333,20.4821542,-103.3029834,1576.2,6.56,0.0
143.746778,20.4821528,-103.3029709,1576.2,6.58,0.0
143.929259,20.4821514,-103.3029584,1576.2,6.57,0.0
144.127702,20.4821501,-103.3029459,1576.2,6.53,0.0
144.327434,20.4821489,-103.3029334,1576.2,6.53,0.0
144.52857,20.4821476,-103.302921,1576.1,6.52,0.0
144.740135,20.4821463,-103.3029086,1576.1,6.48,0.0
144.929318,20.482145,-103.3028963,1576.1,6.45,0.0
145.121155,20.4821438,-103.3028841,1576.2,6.37,0.0
145.324406,20.4821425,-103.302872,1576.2,6.37,0.0
145.527711,20.4821413,-103.3028599,1576.2,6.34,0.0
145.746812,20.4821402,-103.302848,1576.2,6.11,0.0
145.927237,20.482139,-103.3028367,1576.2,5.72,0.0
146.128245,20.482138,-103.3028265,1576.2,5.03,0.0
146.33107,20.4821372,-103.3028178,1576.2,4.12,0.0
146.525562,20.4821365,-103.3028109,1576.3,3.18,0.0
146.735113,20.482136,-103.3028057,1576.3,2.3,0.0
146.918866,20.4821357,-103.302802,1576.3,1.61,0.0
147.125951,20.4821354,-103.3027995,1576.2,1.01,0.0
147.328193,20.4821351,-103.302798,1576.2,0.67,0.0
147.526822,20.4821349,-103.3027971,1576.2,0.49,0.0
147.738455,20.4821347,-103.3027965,1576.1,0.39,0.0
147.928855,20.4821345,-103.3027959,1576.1,0.35,0.0
148.127269,20.4821343,-103.3027952,1576.0,0.43,0.0
148.326065,20.4821341,-103.3027944,1576.0,0.52,0.0
148.528241,20.4821339,-103.3027934,1576.0,0.52,0.0
148.733703,20.4821337,-103.3027924,1576.0,0.55,0.0
148.925679,20.4821333,-103.3027915,1576.0,0.49,0.0
149.127466,20.4821329,-103.3027907,1576.0,0.46,0.0
149.326744,20.4821324,-103.3027901,1576.0,0.4,0.0
149.52397,20.4821319,-103.3027896,1576.0,0.28,0.0
149.743613,20.4821315,-103.3027894,1576.0,0.28,0.0
149.928273,20.4821311,-103.3027894,1576.0,0.18,0.0
150.125518,20.4821309,-103.3027896,1576.0,0.24,0.0
150.329551,20.4821308,-103.3027901,1576.0,0.26,0.0
150.528468,20.4821309,-103.3027906,1576.1,0.36,0.0
150.738139,20.4821312,-103.3027912,1576.1,0.44,0.0
150.932637,20.4821318,-103.3027919,1576.1,0.53,0.0
151.13547,20.4821325,-103.3027927,1576.1,0.62,0.0
151.330091,20.4821333,-103.3027935,1576.2,0.64,0.0
151.535141,20.4821341,-103.3027943,1576.2,0.64,0.0
151.762142,20.4821349,-103.3027951,1576.2,0.57,0.0
151.92946,20.4821356,-103.3027957,1576.2,0.52,0.0
152.128246,20.4821363,-103.3027962,1576.3,0.44,0.0
152.328232,20.4821369,-103.3027967,1576.3,0.41,0.0
152.52563,20.4821375,-103.3027971,1576.3,0.38,0.0
152.739904,20.482138,-103.3027974,1576.3,0.36,0.0
152.927647,20.4821385,-103.3027978,1576.3,0.33,0.0
153.121907,20.482139,-103.3027982,1576.4,0.42,0.0
153.328172,20.4821396,-103.3027987,1576.4,0.35,0.0
153.527187,20.48214,-103.3027992,1576.4,0.3,0.0
153.738629,20.4821403,-103.3027996,1576.3,0.25,0.0
153.928241,20.4821404,-103.3027999,1576.3,0.13,0.0
154.127725,20.4821403,-103.3028001,1576.3,0.14,0.0
154.33491,20.4821401,-103.3028003,1576.3,0.18,0.0
154.53375,20.4821398,-103.3028004,1576.4,0.18,0.0
154.753605,20.4821395,-103.3028005,1576.3,0.2,0.0
154.930351,20.4821393,-103.3028006,1576.3,0.15,0.0
155.137584,20.4821391,-103.3028008,1576.3,0.15,0.0
155.335158,20.482139,-103.302801,1576.3,0.15,0.0
155.525362,20.4821389,-103.3028013,1576.3,0.19,0.0
155.742373,20.4821387,-103.3028016,1576.3,0.2,0.0
155.928433,20.4821385,-103.3028019,1576.3,0.2,0.0
156.128286,20.4821382,-103.302802,1576.3,0.28,0.0
156.328245,20.4821378,-103.302802,1576.4,0.25,0.0
156.527057,20.4821375,-103.3028018,1576.4,0.23,0.0
156.726815,20.4821371,-103.3028015,1576.4,0.33,0.0
156.927424,20.4821367,-103.3028009,1576.4,0.36,0.0
157.1272,20.4821363,-103.3028003,1576.4,0.41,0.0
157.3261,20.482136,-103.3027996,1576.4,0.46,0.0
157.527204,20.4821356,-103.3027988,1576.4,0.46,0.0
157.745138,20.4821353,-103.302798,1576.4,0.44,0.0
157.926931,20.4821349,-103.3027972,1576.4,0.4,0.0
158.127476,20.4821346,-103.3027965,1576.4,0.37,0.0
158.328343,20.4821343,-103.3027959,1576.4,0.4,0.0
158.519988,20.4821339,-103.3027953,1576.4,0.34,0.0
158.74014,20.4821335,-103.3027948,1576.4,0.36,0.0
158.927075,20.4821331,-103.3027944,1576.4,0.3,0.0
159.125741,20.4821328,-103.302794,1576.5,0.3,0.0
159.324372,20.4821323,-103.3027937,1576.5,0.28,0.0
159.52433,20.4821318,-103.3027935,1576.5,0.31,0.0
159.738344,20.4821312,-103.3027933,1576.5,0.44,0.0
159.932667,20.4821303,-103.3027933,1576.5,0.48,0.0
160.127083,20.4821293,-103.3027934,1576.5,0.59,0.0
160.322596,20.4821282,-103.3027937,1576.5,0.69,0.0
160.525771,20.482127,-103.302794,1576.5,0.7,0.0
160.742696,20.4821258,-103.3027945,1576.5,0.67,0.0
160.925546,20.4821248,-103.302795,1576.5,0.61,0.0
161.121912,20.4821238,-103.3027955,1576.6,0.57,0.0
161.32624,20.4821231,-103.302796,1576.6,0.44,0.0
161.525157,20.4821224,-103.3027965,1576.6,0.44,0.0
161.747466,20.4821219,-103.3027971,1576.6,0.42,0.0
161.928232,20.4821214,-103.3027977,1576.6,0.41,0.0
162.124379,20.4821211,-103.3027984,1576.5,0.43,0.0
162.32738,20.4821208,-103.3027992,1576.5,0.43,0.0
162.523992,20.4821208,-103.3028,1576.5,0.45,0.0
162.736914,20.4821211,-103.3028008,1576.5,0.43,0.0
162.920783,20.4821216,-103.3028014,1576.5,0.46,0.0
163.127792,20.4821222,-103.3028019,1576.5,0.46,0.0
163.325559,20.4821231,-103.3028021,1576.4,0.54,0.0
163.527621,20.482124,-103.3028022,1576.4,0.57,0.0
163.744758,20.482125,-103.3028021,1576.4,0.53,0.0
163.927246,20.4821259,-103.3028019,1576.4,0.5,0.0
164.128216,20.4821268,-103.3028017,1576.4,0.44,0.0
164.327052,20.4821275,-103.3028014,1576.4,0.45,0.0
164.524755,20.4821282,-103.3028011,1576.4,0.36,0.0
164.727646,20.4821288,-103.3028008,1576.4,0.38,0.0
164.927612,20.4821294,-103.3028004,1576.4,0.41,0.0
165.126026,20.4821299,-103.3027999,1576.4,0.4,0.0
165.3312,20.4821305,-103.3027994,1576.4,0.43,0.0
165.534312,20.4821312,-103.302799,1576.4,0.45,0.0
165.74696,20.4821318,-103.3027985,1576.4,0.46,0.0
165.930109,20.4821326,-103.302798,1576.4,0.54,0.0
166.134912,20.4821334,-103.3027974,1576.5,0.55,0.0
166.332501,20.4821344,-103.3027968,1576.5,0.71,0.0
166.519423,20.4821355,-103.3027961,1576.5,0.74,0.0
166.743551,20.4821368,-103.3027954,1576.5,0.89,0.0
166.937673,20.4821383,-103.3027946,1576.5,0.95,0.0
167.140325,20.4821399,-103.3027939,1576.5,0.9,0.0
167.335688,20.4821414,-103.3027932,1576.5,0.89,0.0
167.537633,20.4821428,-103.3027927,1576.5,0.8,0.0
167.757092,20.4821441,-103.3027921,1576.5,0.74,0.0
167.938593,20.4821452,-103.3027917,1576.5,0.62,0.0
168.138276,20.4821462,-103.3027914,1576.6,0.54,0.0
168.333636,20.4821471,-103.3027911,1576.6,0.52,0.0
168.537666,20.482148,-103.3027909,1576.6,0.49,0.0
168.751593,20.4821489,-103.3027907,1576.6,0.49,0.0
168.939569,20.4821498,-103.3027906,1576.5,0.51,0.0
169.134784,20.4821506,-103.3027906,1576.5,0.44,0.0
169.3382,20.4821513,-103.3027908,1576.5,0.34,0.0
169.537663,20.4821517,-103.3027911,1576.5,0.25,0.0
169.76032,20.4821519,-103.3027915,1576.5,0.21,0.0
169.937302,20.4821517,-103.3027919,1576.5,0.28,0.0
170.135877,20.4821513,-103.3027923,1576.5,0.36,0.0
170.33681,20.4821507,-103.3027927,1576.5,0.43,0.0
170.526854,20.48215,-103.302793,1576.4,0.51,0.0
170.74066,20.4821491,-103.3027935,1576.4,0.52,0.0
170.927089,20.4821482,-103.3027938,1576.4,0.55,0.0
171.12735,20.4821472,-103.3027942,1576.4,0.58,0.0
171.329263,20.4821462,-103.3027945,1576.4,0.58,0.0
171.528196,20.4821452,-103.3027948,1576.5,0.62,0.0
171.749376,20.4821441,-103.3027951,1576.5,0.56,0.0
171.930005,20.4821431,-103.3027953,1576.5,0.58,0.0
172.129408,20.4821421,-103.3027955,1576.5,0.57,0.0
172.329223,20.4821411,-103.3027955,1576.5,0.56,0.0
172.529229,20.4821401,-103.3027955,1576.5,0.56,0.0
172.736827,20.4821391,-103.3027954,1576.5,0.55,0.0
172.927659,20.4821382,-103.3027953,1576.5,0.53,0.0
173.129482,20.4821373,-103.3027952,1576.5,0.49,0.0
173.330296,20.4821364,-103.302795,1576.5,0.5,0.0
173.525816,20.4821355,-103.3027949,1576.5,0.47,0.0
173.747457,20.4821346,-103.3027949,1576.5,0.48,0.0
173.930919,20.4821338,-103.3027948,1576.6,0.44,0.0
174.128407,20.482133,-103.3027948,1576.6,0.42,0.0
174.330603,20.4821323,-103.3027949,1576.6,0.41,0.0
174.518379,20.4821316,-103.302795,1576.6,0.39,0.0
174.737633,20.482131,-103.3027951,1576.6,0.36,0.0
174.92886,20.4821304,-103.3027953,1576.6,0.32,0.0
175.129547,20.4821299,-103.3027955,1576.7,0.26,0.0
175.329352,20.4821295,-103.3027958,1576.7,0.29,0.0
175.529301,20.4821291,-103.3027961,1576.7,0.27,0.0
175.747481,20.4821287,-103.3027963,1576.7,0.23,0.0
175.927717,20.4821285,-103.3027965,1576.7,0.2,0.0
176.127571,20.4821283,-103.3027967,1576.8,0.14,0.0
176.320916,20.4821283,-103.3027968,1576.8,0.09,0.0
176.52678,20.4821283,-103.3027969,1576.8,0.07,0.0
176.741094,20.4821284,-103.3027969,1576.8,0.11,0.0
176.929076,20.4821286,-103.3027969,1576.8,0.13,0.0
177.125554,20.4821288,-103.302797,1576.8,0.15,0.0
177.328482,20.4821291,-103.3027971,1576.8,0.18,0.0
177.5273,20.4821293,-103.3027973,1576.9,0.18,0.0
177.737857,20.4821296,-103.3027974,1576.9,0.14,0.0
177.931421,20.4821297,-103.3027975,1576.9,0.1,0.0
178.122273,20.4821299,-103.3027975,1576.9,0.11,0.0
178.326771,20.48213,-103.3027975,1576.8,0.07,0.0
178.52843,20.4821301,-103.3027975,1576.8,0.05,0.0
178.742146,20.4821301,-103.3027975,1576.8,0.07,0.0
178.921614,20.4821302,-103.3027976,1576.8,0.06,0.0
179.127579,20.4821302,-103.3027976,1576.8,0.05,0.0
179.326215,20.4821303,-103.3027976,1576.8,0.13,0.0
179.523899,20.4821304,-103.3027977,1576.9,0.11,0.0
179.742034,20.4821306,-103.3027977,1576.9,0.1,0.0
179.92458,20.4821307,-103.3027978,1576.9,0.12,0.0
180.125529,20.4821309,-103.3027978,1576.9,0.08,0.0
180.330628,20.4821309,-103.3027978,1576.9,0.05,0.0
180.52514,20.482131,-103.3027977,1576.9,0.06,0.0
180.73262,20.482131,-103.3027976,1576.9,0.08,0.0
180.93891,20.4821311,-103.3027974,1576.9,0.09,0.0
181.138514,20.4821311,-103.3027972,1576.8,0.13,0.0
181.335248,20.4821312,-103.302797,1576.8,0.14,0.0
181.537153,20.4821312,-103.3027968,1576.8,0.16,0.0
181.766104,20.4821313,-103.3027966,1576.8,0.12,0.0
181.936921,20.4821314,-103.3027964,1576.8,0.17,0.0
182.131206,20.4821315,-103.3027961,1576.8,0.11,0.0
182.3305,20.4821317,-103.302796,1576.8,0.14,0.0
182.518293,20.4821319,-103.3027958,1576.8,0.15,0.0
182.74064,20.4821321,-103.3027957,1576.8,0.12,0.0
182.927577,20.4821323,-103.3027956,1576.8,0.32,0.0
183.127086,20.4821324,-103.3027956,1577.0,1.08,0.0
183.329092,20.4821324,-103.3027955,1577.3,1.85,0.0
183.527864,20.4821325,-103.3027954,1577.7,2.11,0.0
183.739591,20.4821326,-103.3027953,1578.1,2.02,0.0
183.928567,20.4821327,-103.3027953,1578.5,1.93,0.0
184.12714,20.4821328,-103.3027953,1578.9,1.85,0.0
184.31722,20.482133,-103.3027954,1579.3,1.94,0.0
184.537485,20.4821331,-103.3027955,1579.6,1.87,0.0
184.755609,20.4821332,-103.3027957,1580.0,1.77,0.0
184.937124,20.4821332,-103.3027959,1580.4,1.76,0.0
185.137081,20.4821333,-103.3027961,1580.7,1.77,0.0
185.335537,20.4821334,-103.3027962,1581.1,1.88,0.0
185.534297,20.4821335,-103.3027964,1581.5,1.86,0.0
185.750163,20.4821336,-103.3027965,1581.8,1.88,0.0
185.930655,20.4821338,-103.3027966,1582.2,1.91,0.0
186.120661,20.482134,-103.3027967,1582.6,1.94,0.0
186.328242,20.4821342,-103.3027968,1583.0,1.95,0.0
186.528226,20.4821343,-103.302797,1583.4,1.77,0.0
186.737424,20.4821344,-103.3027972,1583.7,1.39,0.0
186.925576,20.4821346,-103.3027973,1583.9,1.39,0.0
187.128371,20.4821347,-103.3027973,1584.2,1.32,0.0
187.327156,20.4821348,-103.3027973,1584.5,1.39,0.0
187.528199,20.482135,-103.3027972,1584.8,1.58,0.0
187.74624,20.4821351,-103.3027972,1585.1,1.38,0.0
187.926833,20.4821353,-103.3027972,1585.3,0.74,0.0
188.127364,20.4821354,-103.3027972,1585.4,0.23,0.0
188.32724,20.4821356,-103.3027974,1585.4,0.16,0.0
188.523862,20.4821356,-103.3027977,1585.4,0.22,0.0
188.730268,20.4821356,-103.302798,1585.4,0.3,0.0
188.926768,20.4821356,-103.3027984,1585.5,0.28,0.0
189.125336,20.4821356,-103.3027987,1585.5,0.28,0.0
189.327317,20.4821356,-103.302799,1585.6,0.2,0.0
189.526122,20.4821358,-103.3027992,1585.6,0.19,0.0
189.737126,20.4821359,-103.3027993,1585.6,0.3,0.0
189.927034,20.4821359,-103.3027993,1585.8,0.89,0.0
190.125559,20.4821359,-103.3027992,1586.0,1.33,0.0
190.323591,20.4821358,-103.3027992,1586.2,1.16,0.0
190.517768,20.4821356,-103.3027991,1586.4,1.03,0.0
190.742577,20.4821353,-103.302799,1586.7,1.21,0.0
190.932688,20.4821349,-103.302799,1586.9,1.07,0.0
191.126851,20.4821346,-103.3027989,1587.1,1.06,0.0
191.32681,20.4821342,-103.3027988,1587.3,0.95,0.0
191.523574,20.482134,-103.3027986,1587.5,0.97,0.0
191.747128,20.4821339,-103.3027984,1587.7,0.89,0.0
191.927242,20.4821338,-103.3027982,1587.9,0.97,0.0
192.123671,20.4821338,-103.3027981,1588.0,0.94,0.0
192.317075,20.4821339,-103.3027979,1588.3,1.04,0.0
192.526868,20.4821341,-103.3027978,1588.4,0.91,0.0
192.73596,20.4821343,-103.3027976,1588.6,0.76,0.0
192.925992,20.4821345,-103.3027976,1588.8,0.72,0.0
193.126843,20.4821347,-103.3027976,1588.9,0.47,0.0
193.3243,20.4821349,-103.3027975,1588.9,0.13,0.0
193.525125,20.482135,-103.3027975,1588.9,0.1,0.0
193.744315,20.4821352,-103.3027974,1588.9,0.09,0.0
193.925828,20.4821353,-103.3027973,1588.9,0.11,0.0
194.118936,20.4821355,-103.3027973,1588.9,0.13,0.0
194.325138,20.4821356,-103.3027973,1589.0,0.14,0.0
194.523956,20.4821358,-103.3027972,1589.0,0.14,0.0
194.737741,20.4821359,-103.3027971,1589.0,0.12,0.0
194.92367,20.482136,-103.3027971,1589.0,0.05,0.0
195.124235,20.482136,-103.3027971,1589.0,0.02,0.0
195.326151,20.482136,-103.3027971,1589.0,0.03,0.0
195.529311,20.4821359,-103.3027972,1589.0,0.07,0.0
195.743568,20.4821358,-103.3027973,1589.0,0.14,0.0
195.930601,20.4821357,-103.3027974,1589.1,0.14,0.0
196.125566,20.4821356,-103.3027976,1589.1,0.12,0.0
196.325503,20.4821356,-103.3027978,1589.1,0.1,0.0
196.533885,20.4821355,-103.3027979,1589.1,0.11,0.0
196.744581,20.4821353,-103.302798,1589.1,0.17,0.0
196.933648,20.4821352,-103.3027979,1589.2,0.15,0.0
197.128222,20.482135,-103.3027978,1589.2,0.14,0.0
197.328202,20.4821348,-103.3027977,1589.2,0.08,0.0
197.534284,20.4821348,-103.3027975,1589.2,0.14,0.0
197.752589,20.4821348,-103.3027972,1589.2,0.2,0.0
197.935089,20.4821348,-103.3027968,1589.2,0.16,0.0
198.133664,20.4821349,-103.3027966,1589.2,0.13,0.0
198.333561,20.4821349,-103.3027964,1589.2,0.12,0.0
198.525951,20.4821348,-103.3027963,1589.2,0.04,0.0
198.747352,20.4821347,-103.3027964,1589.2,0.06,0.0
198.936694,20.4821346,-103.3027965,1589.2,0.07,0.0
199.134886,20.4821345,-103.3027966,1589.2,0.12,0.0
199.331548,20.4821343,-103.3027967,1589.2,0.14,0.0
199.534772,20.4821342,-103.3027968,1589.2,0.11,0.0
199.756134,20.482134,-103.3027969,1589.2,0.13,0.0
199.934391,20.4821338,-103.3027969,1589.2,0.12,0.0
200.137202,20.4821336,-103.3027971,1589.2,0.09,0.0
200.324101,20.4821335,-103.3027973,1589.2,0.17,0.0
200.522748,20.4821334,-103.3027977,1589.2,0.34,0.0
200.73771,20.4821333,-103.3027987,1589.2,0.64,0.0
200.927047,20.4821332,-103.3028004,1589.2,1.12,0.0
201.124394,20.4821331,-103.3028032,1589.1,1.81,0.0
201.326768,20.482133,-103.3028075,1589.2,2.6,0.0
201.526879,20.482133,-103.3028133,1589.2,3.44,0.0
201.740196,20.4821331,-103.3028206,1589.2,4.17,0.0
201.92723,20.4821332,-103.3028293,1589.2,4.84,0.0
202.118209,20.4821335,-103.3028391,1589.2,5.4,0.0
202.323565,20.4821338,-103.30285,1589.2,5.91,0.0
202.526817,20.4821341,-103.3028617,1589.2,6.32,0.0
202.742421,20.4821344,-103.3028743,1589.2,6.74,0.0
202.925081,20.4821348,-103.3028875,1589.2,7.07,0.0
203.126966,20.4821352,-103.3029014,1589.2,7.37,0.0
203.324549,20.4821356,-103.3029157,1589.2,7.61,0.0
203.524541,20.482136,-103.3029306,1589.2,7.88,0.0
203.741578,20.4821365,-103.3029459,1589.2,8.07,0.0
203.921033,20.4821368,-103.3029616,1589.2,8.25,0.0
204.123887,20.4821372,-103.3029776,1589.2,8.43,0.0
204.324792,20.4821377,-103.3029939,1589.2,8.63,0.0
204.523723,20.4821381,-103.3030106,1589.2,8.78,0.0
204.730236,20.4821385,-103.3030276,1589.2,8.92,0.0
204.927088,20.482139,-103.3030448,1589.3,9.04,0.0
205.126817,20.4821395,-103.3030622,1589.3,9.12,0.0
205.323958,20.4821401,-103.3030798,1589.3,9.2,0.0
205.526809,20.4821408,-103.3030975,1589.3,9.28,0.0
205.740153,20.4821414,-103.3031154,1589.3,9.38,0.0
205.923736,20.482142,-103.3031334,1589.3,9.45,0.0
206.125825,20.4821427,-103.3031516,1589.3,9.51,0.0
206.324376,20.4821435,-103.3031699,1589.3,9.6,0.0
206.518942,20.4821443,-103.3031883,1589.3,9.64,0.0
206.738497,20.4821452,-103.3032068,1589.3,9.71,0.0
206.925192,20.482146,-103.3032255,1589.3,9.74,0.0
207.123955,20.4821469,-103.3032441,1589.4,9.77,0.0
207.323603,20.4821479,-103.3032629,1589.4,9.78,0.0
207.523629,20.4821487,-103.3032816,1589.4,9.81,0.0
207.736226,20.4821496,-103.3033004,1589.4,9.84,0.0
207.926809,20.4821504,-103.3033193,1589.4,9.83,0.0
208.126783,20.4821513,-103.3033381,1589.4,9.8,0.0
208.316122,20.4821522,-103.3033566,1589.4,9.56,0.0
208.524746,20.4821531,-103.3033744,1589.5,9.07,0.0
208.740655,20.482154,-103.303391,1589.5,8.26,0.0
208.925578,20.4821549,-103.303406,1589.6,7.42,0.0
209.12606,20.4821558,-103.3034192,1589.5,6.35,0.0
209.324991,20.4821567,-103.3034302,1589.5,5.22,0.0
209.522586,20.4821575,-103.3034391,1589.5,4.16,0.0
209.740819,20.4821583,-103.303446,1589.5,3.12,0.0
209.928877,20.4821592,-103.303451,1589.5,2.14,0.0
210.115549,20.48216,-103.3034543,1589.5,1.45,0.0
210.32525,20.4821607,-103.3034563,1589.4,0.89,0.0
210.523872,20.4821613,-103.3034575,1589.4,0.59,0.0
210.737849,20.4821618,-103.3034584,1589.4,0.55,0.0
210.933613,20.4821622,-103.3034592,1589.3,0.48,0.0
211.135114,20.4821625,-103.3034603,1589.4,0.69,0.0
211.331705,20.4821627,-103.3034616,1589.4,0.73,0.0
211.52518,20.4821629,-103.303463,1589.4,0.76,0.0
211.756102,20.482163,-103.3034644,1589.4,0.64,0.0
211.92706,20.482163,-103.3034655,1589.4,0.52,0.0
212.136875,20.4821631,-103.3034661,1589.4,0.22,0.0
212.33519,20.4821632,-103.3034659,1589.5,0.38,0.0
212.52684,20.4821632,-103.3034646,1589.5,1.01,0.0
212.736137,20.4821632,-103.3034619,1589.6,1.82,0.0
212.926778,20.4821632,-103.3034576,1589.6,2.64,0.0
213.137191,20.4821631,-103.3034518,1589.6,3.38,0.0
213.327191,20.4821629,-103.3034446,1589.6,4.1,0.0
213.529184,20.4821627,-103.3034361,1589.6,4.74,0.0
213.736844,20.4821623,-103.3034265,1589.6,5.25,0.0
213.928908,20.4821619,-103.303416,1589.6,5.76,0.0
214.127413,20.4821614,-103.3034046,1589.6,6.13,0.0
214.328342,20.4821609,-103.3033925,1589.6,6.47,0.0
214.520659,20.4821603,-103.3033798,1589.6,6.8,0.0
214.750712,20.4821596,-103.3033665,1589.6,7.03,0.0
214.932208,20.4821589,-103.3033529,1589.6,7.25,0.0
215.13513,20.4821582,-103.3033388,1589.6,7.5,0.0
215.332828,20.4821574,-103.3033242,1589.7,7.71,0.0
215.530652,20.4821567,-103.3033092,1589.7,7.97,0.0
215.753521,20.4821558,-103.3032938,1589.6,8.1,0.0
215.93624,20.482155,-103.303278,1589.6,8.32,0.0
216.125085,20.4821542,-103.303262,1589.6,8.45,0.0
216.31931,20.4821534,-103.3032456,1589.6,8.62,0.0
216.525648,20.4821526,-103.303229,1589.6,8.74,0.0
216.737295,20.4821518,-103.3032122,1589.6,8.83,0.0
216.92682,20.482151,-103.3031952,1589.6,8.93,0.0
217.126219,20.4821502,-103.303178,1589.6,9.03,0.0
217.324789,20.4821495,-103.3031607,1589.5,9.06,0.0
217.525873,20.4821488,-103.3031433,1589.5,9.13,0.0
217.74375,20.4821481,-103.3031258,1589.5,9.15,0.0
217.924393,20.4821473,-103.3031081,1589.5,9.25,0.0
218.117255,20.4821465,-103.3030904,1589.5,9.26,0.0
218.323637,20.4821457,-103.3030726,1589.5,9.29,0.0
218.523588,20.482145,-103.3030548,1589.5,9.37,0.0
218.73938,20.4821442,-103.3030368,1589.4,9.35,0.0
218.926728,20.4821435,-103.3030189,1589.4,9.4,0.0
219.124993,20.4821428,-103.3030009,1589.4,9.38,0.0
219.32579,20.4821421,-103.3029829,1589.4,9.37,0.0
219.52577,20.4821414,-103.302965,1589.4,9.35,0.0
219.738402,20.4821408,-103.3029471,1589.4,9.31,0.0
219.917677,20.4821401,-103.3029296,1589.4,9.0,0.0
220.127131,20.4821394,-103.3029127,1589.4,8.65,0.0
220.325638,20.4821387,-103.3028966,1589.4,8.1,0.0
220.52683,20.4821381,-103.3028819,1589.4,7.33,0.0
220.740353,20.4821377,-103.3028686,1589.4,6.57,0.0
220.92517,20.4821373,-103.302857,1589.5,5.52,0.0
221.125921,20.482137,-103.3028474,1589.5,4.58,0.0
221.324783,20.4821369,-103.3028395,1589.5,3.64,0.0
221.523639,20.4821368,-103.3028335,1589.5,2.6,0.0
221.741556,20.4821368,-103.3028294,1589.4,1.71,0.0
221.927325,20.4821369,-103.3028269,1589.4,0.99,0.0
222.124792,20.482137,-103.3028255,1589.3,0.63,0.0
222.324748,20.4821373,-103.3028246,1589.2,0.54,0.0
222.521836,20.4821375,-103.3028238,1589.2,0.61,0.0
222.735118,20.4821377,-103.3028228,1589.1,0.71,0.0
222.926727,20.4821379,-103.3028214,1589.0,0.91,0.0
223.125828,20.482138,-103.3028197,1589.0,0.92,0.0
223.324524,20.4821381,-103.302818,1589.0,0.87,0.0
223.523621,20.4821382,-103.3028164,1589.0,0.82,0.0
223.743645,20.4821383,-103.3028149,1589.0,0.73,0.0
223.925141,20.4821383,-103.3028136,1589.0,0.6,0.0
224.126831,20.4821384,-103.3028125,1589.0,0.49,0.0
224.321437,20.4821384,-103.3028117,1589.0,0.39,0.0
224.524561,20.4821384,-103.3028111,1589.0,0.25,0.0
224.737183,20.4821384,-103.3028106,1589.0,0.19,0.0
224.926713,20.4821383,-103.3028104,1589.0,0.09,0.0
225.124781,20.4821381,-103.3028103,1589.0,0.1,0.0
225.325579,20.482138,-103.3028104,1589.0,0.13,0.0
225.525352,20.4821378,-103.3028106,1589.0,0.15,0.0
225.737039,20.4821376,-103.3028108,1589.0,0.2,0.0
225.929445,20.4821374,-103.3028111,1589.0,0.23,0.0
226.118231,20.4821372,-103.3028116,1589.0,0.32,0.0
226.327721,20.4821369,-103.3028121,1589.0,0.39,0.0
226.533977,20.4821366,-103.3028128,1589.0,0.43,0.0
226.752224,20.4821363,-103.3028135,1589.1,0.39,0.0
226.932583,20.4821361,-103.3028143,1589.1,0.42,0.0
227.135133,20.482136,-103.302815,1589.1,0.41,0.0
227.334862,20.4821359,-103.3028158,1589.1,0.4,0.0
227.532637,20.4821359,-103.3028165,1589.1,0.39,0.0
227.751776,20.4821359,-103.3028172,1589.2,0.38,0.0
227.931489,20.482136,-103.3028179,1589.2,0.37,0.0
228.127385,20.4821361,-103.3028186,1589.2,0.31,0.0
228.329306,20.4821361,-103.3028191,1589.2,0.29,0.0
228.533632,20.4821362,-103.3028197,1589.2,0.3,0.0
228.744305,20.4821362,-103.3028205,1589.2,0.56,0.0
228.935329,20.4821363,-103.3028219,1589.2,0.97,0.0
229.133853,20.4821367,-103.3028245,1589.2,1.7,0.0
229.328248,20.4821374,-103.3028284,1589.3,2.48,0.0
229.533662,20.4821384,-103.3028338,1589.3,3.23,0.0
229.747095,20.4821398,-103.3028407,1589.3,4.06,0.0
229.933584,20.4821413,-103.3028488,1589.3,4.55,0.0
230.134774,20.482143,-103.3028579,1589.3,5.14,0.0
230.333875,20.4821448,-103.302868,1589.3,5.55,0.0
230.528896,20.4821466,-103.3028789,1589.3,5.98,0.0
230.749303,20.4821484,-103.3028905,1589.3,6.35,0.0
230.935133,20.4821503,-103.3029029,1589.3,6.73,0.0
231.123958,20.4821521,-103.3029159,1589.3,6.98,0.0
231.324814,20.4821539,-103.3029294,1589.3,7.23,0.0
231.520645,20.4821556,-103.3029434,1589.3,7.46,0.0
231.744973,20.4821573,-103.3029577,1589.3,7.64,0.0
231.926785,20.482159,-103.3029725,1589.3,7.87,0.0
232.12515,20.4821608,-103.3029876,1589.3,8.01,0.0
232.320652,20.4821626,-103.303003,1589.3,8.21,0.0
232.525902,20.4821644,-103.3030189,1589.3,8.44,0.0
232.740771,20.4821664,-103.303035,1589.3,8.56,0.0
232.924348,20.4821685,-103.3030515,1589.3,8.73,0.0
233.12719,20.4821707,-103.3030682,1589.3,8.84,0.0
233.322657,20.4821729,-103.3030851,1589.4,8.98,0.0
233.522463,20.4821751,-103.3031022,1589.4,9.08,0.0
233.742806,20.4821773,-103.3031196,1589.4,9.19,0.0
233.926771,20.4821796,-103.3031372,1589.4,9.34,0.0
234.118625,20.4821818,-103.303155,1589.4,9.42,0.0
234.32587,20.4821842,-103.303173,1589.4,9.54,0.0
234.523583,20.4821865,-103.3031911,1589.4,9.54,0.0
234.735249,20.4821889,-103.3032094,1589.4,9.65,0.0
234.925314,20.4821913,-103.3032277,1589.4,9.66,0.0
235.12495,20.4821937,-103.3032461,1589.4,9.74,0.0
235.323706,20.482196,-103.3032646,1589.4,9.75,0.0
235.525741,20.4821984,-103.3032832,1589.4,9.81,0.0
235.743973,20.4822008,-103.3033018,1589.4,9.81,0.0
235.915961,20.4822031,-103.3033205,1589.4,9.81,0.0
236.125308,20.4822054,-103.303339,1589.4,9.71,0.0
236.32515,20.4822077,-103.3033572,1589.5,9.45,0.0
236.522734,20.4822099,-103.3033747,1589.5,8.94,0.0
236.737128,20.4822119,-103.3033909,1589.5,8.15,0.0
236.925541,20.4822138,-103.3034056,1589.5,7.26,0.0
237.125106,20.4822155,-103.3034184,1589.5,6.28,0.0
237.324877,20.482217,-103.3034293,1589.5,5.24,0.0
237.524598,20.4822183,-103.3034383,1589.5,4.28,0.0
237.724345,20.4822194,-103.3034456,1589.5,3.38,0.0
237.925244,20.4822202,-103.3034511,1589.5,2.47,0.0
238.125976,20.4822208,-103.303455,1589.5,1.68,0.0
238.322639,20.4822211,-103.3034577,1589.5,1.13,0.0
238.524549,20.4822213,-103.3034595,1589.5,0.77,0.0
238.740827,20.4822213,-103.3034608,1589.5,0.67,0.0
238.924321,20.4822214,-103.303462,1589.5,0.64,0.0
239.126139,20.4822214,-103.3034633,1589.5,0.77,0.0
239.32488,20.4822216,-103.3034649,1589.5,0.88,0.0
239.518319,20.4822218,-103.3034665,1589.5,0.82,0.0
239.741765,20.4822221,-103.3034679,1589.5,0.74,0.0
239.925492,20.4822224,-103.3034691,1589.5,0.58,0.0
240.123978,20.4822228,-103.30347,1589.5,0.4,0.0
240.322756,20.4822231,-103.3034703,1589.5,0.17,0.0
240.524812,20.4822233,-103.3034697,1589.5,0.59,0.0
240.734301,20.4822234,-103.303468,1589.5,1.2,0.0
240.928866,20.4822232,-103.3034649,1589.5,2.01,0.0
241.134887,20.4822228,-103.3034603,1589.5,2.8,0.0
241.326734,20.4822221,-103.3034542,1589.5,3.57,0.0
241.529287,20.4822213,-103.3034467,1589.5,4.33,0.0
241.758228,20.4822204,-103.3034379,1589.5,4.85,0.0
241.934088,20.4822193,-103.3034283,1589.6,5.31,0.0
242.127169,20.4822181,-103.3034177,1589.6,5.78,0.0
242.332322,20.4822168,-103.3034064,1589.6,6.15,0.0
242.530102,20.4822156,-103.3033944,1589.6,6.44,0.0
242.736843,20.4822142,-103.3033817,1589.6,6.81,0.0
242.92759,20.4822128,-103.3033685,1589.6,7.06,0.0
243.123943,20.4822112,-103.3033548,1589.6,7.38,0.0
243.324918,20.4822096,-103.3033405,1589.6,7.56,0.0
243.524759,20.4822078,-103.3033259,1589.6,7.8,0.0
243.737368,20.4822059,-103.303311,1589.6,7.97,0.0
243.918906,20.482204,-103.3032957,1589.6,8.12,0.0
244.125232,20.4822021,-103.3032802,1589.6,8.18,0.0
244.323743,20.4822002,-103.3032645,1589.6,8.32,0.0
244.525882,20.4821982,-103.3032485,1589.5,8.46,0.0
244.74274,20.4821961,-103.3032324,1589.5,8.55,0.0
244.92565,20.4821939,-103.303216,1589.4,8.69,0.0
245.13582,20.4821915,-103.3031993,1589.5,8.94,0.0
245.33257,20.482189,-103.3031824,1589.5,8.97,0.0
245.530198,20.4821867,-103.3031652,1589.5,9.1,0.0
245.74001,20.4821843,-103.3031478,1589.6,9.23,0.0
245.935586,20.482182,-103.3031304,1589.6,9.17,0.0
246.131919,20.4821798,-103.3031128,1589.6,9.3,0.0
246.325516,20.4821777,-103.3030951,1589.5,9.3,0.0
246.525449,20.4821757,-103.3030774,1589.5,9.35,0.0
246.734829,20.4821736,-103.3030595,1589.4,9.43,0.0
246.925146,20.4821716,-103.3030415,1589.4,9.45,0.0
247.125635,20.4821696,-103.3030235,1589.4,9.45,0.0
247.323575,20.4821676,-103.3030055,1589.4,9.45,0.0
247.518734,20.4821658,-103.3029875,1589.4,9.44,0.0
247.743598,20.482164,-103.3029695,1589.4,9.49,0.0
247.924104,20.4821621,-103.3029514,1589.4,9.49,0.0
248.125742,20.4821602,-103.3029334,1589.4,9.4,0.0
248.323615,20.4821583,-103.3029157,1589.4,9.16,0.0
248.52356,20.4821565,-103.3028987,1589.4,8.75,0.0
248.737366,20.4821548,-103.3028828,1589.5,7.9,0.0
248.925547,20.4821533,-103.3028685,1589.6,7.13,0.0
249.124113,20.4821519,-103.3028559,1589.7,6.16,0.0
249.318317,20.4821509,-103.3028452,1589.7,5.14,0.0
249.524975,20.48215,-103.3028365,1589.7,4.01,0.0
249.737705,20.4821493,-103.3028299,1589.7,2.95,0.0
249.925607,20.4821488,-103.3028253,1589.7,1.87,0.0
250.118907,20.4821485,-103.3028225,1589.7,1.13,0.0
250.321946,20.4821483,-103.3028209,1589.7,0.64,0.0
250.524297,20.4821484,-103.3028202,1589.6,0.59,0.0
250.741168,20.4821485,-103.3028196,1589.5,0.46,0.0
250.924251,20.4821486,-103.302819,1589.4,0.59,0.0
251.124846,20.4821487,-103.3028183,1589.3,0.7,0.0
251.324801,20.4821486,-103.3028171,1589.3,0.78,0.0
251.522197,20.4821485,-103.3028157,1589.2,0.79,0.0
251.74477,20.4821483,-103.3028143,1589.2,0.76,0.0
251.91866,20.482148,-103.3028129,1589.2,0.71,0.0
252.12389,20.4821478,-103.3028116,1589.1,0.62,0.0
252.325707,20.4821476,-103.3028105,1589.1,0.56,0.0
252.524783,20.4821475,-103.3028096,1589.1,0.5,0.0
252.735137,20.4821475,-103.3028088,1589.1,0.4,0.0
252.92521,20.4821475,-103.3028082,1589.1,0.26,0.0
253.124861,20.4821474,-103.3028078,1589.1,0.12,0.0
253.322601,20.4821475,-103.3028076,1589.1,0.16,0.0
253.524827,20.4821477,-103.3028076,1589.1,0.14,0.0
253.730845,20.4821478,-103.3028076,1589.1,0.14,0.0
253.924347,20.4821479,-103.3028077,1589.2,0.14,0.0
254.127206,20.482148,-103.3028079,1589.2,0.17,0.0
254.323948,20.4821481,-103.3028081,1589.2,0.21,0.0
254.522861,20.4821481,-103.3028086,1589.2,0.25,0.0
254.736819,20.4821482,-103.3028091,1589.2,0.31,0.0
254.924389,20.4821482,-103.3028097,1589.2,0.4,0.0
255.123993,20.4821483,-103.3028104,1589.2,0.4,0.0
255.323974,20.4821485,-103.3028112,1589.2,0.52,0.0
255.517205,20.4821489,-103.302812,1589.3,0.5,0.0
255.736779,20.4821493,-103.3028129,1589.3,0.59,0.0
255.924784,20.4821499,-103.3028138,1589.3,0.59,0.0
256.126787,20.4821506,-103.3028146,1589.2,0.6,0.0
256.329563,20.4821514,-103.3028154,1589.2,0.64,0.0
256.534975,20.4821522,-103.3028162,1589.2,0.57,0.0
256.743531,20.482153,-103.3028169,1589.2,0.59,0.0
256.931151,20.4821539,-103.3028174,1589.2,0.54,0.0
257.135226,20.4821548,-103.3028178,1589.2,0.55,0.0
257.326734,20.4821557,-103.3028181,1589.2,0.55,0.0
257.532732,20.4821567,-103.3028182,1589.2,0.47,0.0
257.751993,20.4821575,-103.3028182,1589.2,0.46,0.0
257.933639,20.4821583,-103.3028182,1589.2,0.43,0.0
258.127713,20.482159,-103.3028182,1589.2,0.34,0.0
258.333598,20.4821594,-103.3028182,1589.2,0.2,0.0
258.533559,20.4821598,-103.3028182,1589.2,0.18,0.0
258.744704,20.4821599,-103.3028182,1589.2,0.06,0.0
258.927193,20.4821597,-103.3028183,1589.3,0.14,0.0
259.121808,20.4821593,-103.3028185,1589.3,0.29,0.0
259.331008,20.4821589,-103.3028187,1589.3,0.25,0.0
259.535298,20.4821585,-103.3028189,1589.3,0.23,0.0
259.752376,20.4821581,-103.3028191,1589.3,0.28,0.0
259.923585,20.4821576,-103.3028194,1589.3,0.3,0.0
260.134746,20.4821571,-103.3028197,1589.3,0.38,0.0
260.322633,20.4821567,-103.3028203,1589.4,0.65,0.0
260.506066,20.482156,-103.3028213,1589.4,0.76,0.0
260.705941,20.4821545,-103.3028219,1589.4,0.97,0.0
260.896749,20.4821528,-103.3028222,1589.4,1.04,0.0
261.100654,20.4821507,-103.3028224,1589.4,1.35,0.0
261.300499,20.4821496,-103.3028225,1589.2,2.25,0.0
261.506832,20.4821495,-103.3028224,1589.0,1.46,0.0
261.723874,20.4821492,-103.3028221,1589.0,0.82,0.0
261.924807,20.4821488,-103.3028216,1588.9,0.47,0.0
262.125871,20.4821482,-103.302821,1588.9,0.47,0.0
262.324735,20.4821476,-103.3028206,1588.8,0.43,0.0
262.526902,20.4821469,-103.3028201,1588.7,0.44,0.0
262.73934,20.4821462,-103.3028199,1588.7,0.53,0.0
262.924093,20.4821452,-103.3028195,1588.7,0.63,0.0
263.128374,20.4821441,-103.3028192,1588.6,0.62,0.0
263.326043,20.482143,-103.3028189,1588.6,0.72,0.0
263.51613,20.4821419,-103.3028185,1588.6,0.56,0.0
263.741864,20.4821409,-103.3028182,1588.7,0.65,0.0
263.926818,20.48214,-103.3028181,1588.7,0.58,0.0
264.125558,20.4821391,-103.3028182,1588.7,0.6,0.0
264.326773,20.4821384,-103.3028185,1588.7,0.55,0.0
264.52621,20.4821377,-103.3028187,1588.7,0.58,0.0
264.736873,20.4821371,-103.3028192,1588.8,0.56,0.0
264.9269,20.4821365,-103.3028196,1588.8,0.49,0.0
265.12571,20.4821361,-103.30282,1588.9,0.47,0.0
265.31819,20.4821357,-103.3028203,1588.9,0.44,0.0
265.525555,20.4821352,-103.3028207,1588.9,0.4,0.0
265.74459,20.4821345,-103.3028216,1588.9,0.74,0.0
265.924213,20.4821339,-103.302823,1588.9,0.8,0.0
266.123556,20.4821333,-103.302825,1588.9,1.23,0.0
266.324981,20.4821328,-103.3028276,1588.9,1.48,0.0
266.524904,20.4821323,-103.3028309,1588.8,1.84,0.0
266.738819,20.4821319,-103.3028348,1588.8,2.16,0.0
266.925735,20.4821313,-103.3028392,1588.7,2.38,0.0
267.120363,20.4821308,-103.3028441,1588.7,2.62,0.0
267.324321,20.4821303,-103.3028493,1588.7,2.79,0.0
267.52434,20.4821299,-103.3028548,1588.6,2.94,0.0
267.738243,20.4821295,-103.3028603,1588.6,2.85,0.0
267.922793,20.4821291,-103.3028656,1588.6,2.67,0.0
268.126021,20.4821287,-103.3028702,1588.6,2.1,0.0
268.324775,20.4821284,-103.3028737,1588.6,1.61,0.0
268.525733,20.4821281,-103.3028762,1588.6,1.0,0.0
268.741786,20.4821279,-103.3028777,1588.6,0.52,0.0
268.923548,20.4821278,-103.3028783,1588.6,0.18,0.0
269.125248,20.4821276,-103.3028784,1588.6,0.19,0.0
269.32508,20.4821273,-103.3028781,1588.6,0.26,0.0
269.523674,20.4821271,-103.3028777,1588.6,0.28,0.0
269.733904,20.4821269,-103.3028773,1588.6,0.3,0.0
269.925509,20.4821266,-103.302877,1588.7,0.29,0.0
270.124275,20.4821263,-103.3028767,1588.6,0.22,0.0
270.326165,20.482126,-103.3028764,1588.7,0.24,0.0
270.525945,20.4821257,-103.3028762,1588.7,0.2,0.0
270.736825,20.4821255,-103.3028761,1588.7,0.13,0.0
270.928212,20.4821253,-103.3028761,1588.7,0.14,0.0
271.125719,20.4821251,-103.302876,1588.7,0.17,0.0
271.324316,20.4821249,-103.3028759,1588.7,0.16,0.0
271.515522,20.4821248,-103.3028757,1588.7,0.14,0.0
271.751991,20.4821247,-103.3028754,1588.7,0.18,0.0
271.933945,20.4821247,-103.3028751,1588.7,0.2,0.0
272.133633,20.4821247,-103.3028749,1588.7,0.11,0.0
272.333604,20.4821248,-103.3028747,1588.8,0.22,0.0
272.521983,20.482125,-103.3028747,1588.8,0.15,0.0
272.736997,20.4821252,-103.3028747,1588.8,0.1,0.0
272.924787,20.4821254,-103.3028748,1588.8,0.22,0.0
273.125942,20.4821258,-103.302875,1588.8,0.21,0.0
273.31598,20.4821262,-103.3028751,1588.8,0.21,0.0
273.524823,20.4821265,-103.3028751,1588.8,0.18,0.0
273.73611,20.4821268,-103.3028751,1588.8,0.15,0.0
273.924219,20.4821269,-103.302875,1588.8,0.12,0.0
274.123656,20.482127,-103.3028749,1588.8,0.07,0.0
274.323553,20.4821269,-103.3028749,1588.8,0.14,0.0
274.523845,20.4821267,-103.3028748,1588.8,0.11,0.0
274.740828,20.4821265,-103.3028748,1588.8,0.18,0.0
274.923583,20.4821261,-103.3028749,1588.8,0.24,0.0
275.126868,20.4821256,-103.302875,1588.8,0.33,0.0
275.334112,20.4821251,-103.3028752,1588.8,0.33,0.0
275.53071,20.4821245,-103.3028754,1588.8,0.39,0.0
275.751026,20.4821238,-103.3028758,1588.8,0.37,0.0
275.927256,20.4821233,-103.3028761,1588.8,0.34,0.0
276.123536,20.4821228,-103.3028765,1588.8,0.33,0.0
276.323834,20.4821225,-103.3028769,1588.8,0.29,0.0
276.522594,20.4821222,-103.3028773,1588.8,0.28,0.0
276.736831,20.4821219,-103.3028778,1588.9,0.25,0.0
276.921162,20.4821217,-103.3028781,1588.9,0.24,0.0
277.124309,20.4821217,-103.3028784,1588.9,0.17,0.0
277.323873,20.4821218,-103.3028786,1588.9,0.19,0.0
277.523751,20.482122,-103.3028789,1588.9,0.27,0.0
277.737127,20.4821225,-103.3028791,1589.0,0.32,0.0
277.923602,20.4821231,-103.3028793,1589.0,0.38,0.0
278.12373,20.4821237,-103.3028797,1589.0,0.41,0.0
278.323603,20.4821243,-103.30288,1589.0,0.41,0.0
278.521895,20.4821249,-103.3028804,1589.0,0.49,0.0
278.735646,20.4821254,-103.3028809,1589.1,0.45,0.0
278.923627,20.4821256,-103.3028814,1589.2,0.4,0.0
279.122409,20.4821258,-103.3028818,1589.2,0.33,0.0
279.325537,20.4821259,-103.3028823,1589.2,0.29,0.0
279.516829,20.482126,-103.3028825,1589.3,0.17,0.0
279.735947,20.4821259,-103.3028826,1589.3,0.11,0.0
279.923886,20.4821259,-103.3028826,1589.3,0.12,0.0
280.122731,20.4821259,-103.3028825,1589.4,0.17,0.0
280.322583,20.482126,-103.3028824,1589.4,0.12,0.0
280.5237,20.482126,-103.3028822,1589.4,0.16,0.0
280.740625,20.4821261,-103.3028819,1589.4,0.16,0.0
280.923851,20.4821261,-103.3028816,1589.5,0.19,0.0
281.124293,20.4821263,-103.3028813,1589.5,0.27,0.0
281.313556,20.4821266,-103.3028809,1589.5,0.29,0.0
281.520521,20.482127,-103.3028805,1589.6,0.3,0.0
281.744016,20.4821273,-103.3028802,1589.6,0.32,0.0
281.923605,20.4821277,-103.3028798,1589.6,0.34,0.0
282.122051,20.4821281,-103.3028795,1589.7,0.33,0.0
282.324077,20.4821286,-103.3028792,1589.7,0.31,0.0
282.522672,20.482129,-103.3028789,1589.7,0.32,0.0
282.732228,20.4821293,-103.3028785,1589.8,0.27,0.0
282.923617,20.4821296,-103.3028783,1589.8,0.28,0.0
283.116871,20.4821299,-103.3028781,1589.8,0.25,0.0
283.320903,20.4821301,-103.302878,1589.9,0.19,0.0
283.523531,20.4821301,-103.3028779,1589.9,0.2,0.0
283.742156,20.4821302,-103.3028779,1590.0,0.18,0.0
283.922692,20.4821302,-103.3028779,1590.0,0.2,0.0
284.123653,20.4821302,-103.3028778,1590.1,0.27,0.0
284.322581,20.4821302,-103.3028778,1590.1,0.23,0.0
284.522386,20.4821302,-103.3028778,1590.2,0.24,0.0
284.736047,20.4821303,-103.3028778,1590.2,0.4,0.0
284.920078,20.4821303,-103.3028779,1590.3,0.31,0.0
285.12353,20.4821303,-103.3028779,1590.4,0.28,0.0
285.323889,20.4821302,-103.302878,1590.4,0.39,0.0
285.522689,20.4821302,-103.3028781,1590.5,0.36,0.0
285.726879,20.4821301,-103.3028782,1590.6,0.33,0.0
285.923604,20.4821299,-103.3028784,1590.6,0.23,0.0
286.124777,20.4821298,-103.3028785,1590.7,0.21,0.0
286.323917,20.4821296,-103.3028785,1590.7,0.26,0.0
286.530524,20.4821294,-103.3028785,1590.8,0.2,0.0
286.748605,20.4821292,-103.3028784,1590.8,0.15,0.0
286.931499,20.4821291,-103.3028784,1590.8,0.08,0.0
287.133612,20.482129,-103.3028783,1590.8,0.06,0.0
287.330118,20.482129,-103.3028782,1590.8,0.04,0.0
287.521762,20.4821291,-103.3028781,1590.8,0.1,0.0
287.750947,20.4821292,-103.302878,1590.8,0.13,0.0
287.931453,20.4821293,-103.3028779,1590.8,0.08,0.0
288.130087,20.4821294,-103.3028779,1590.8,0.04,0.0
288.331968,20.4821294,-103.3028778,1590.8,0.01,0.0
288.530789,20.4821294,-103.3028778,1590.8,0.11,0.0
288.743981,20.4821294,-103.3028777,1590.8,0.13,0.0
288.9326,20.4821295,-103.3028776,1590.8,0.11,0.0
289.131462,20.4821295,-103.3028775,1590.8,0.13,0.0
289.320609,20.4821297,-103.3028773,1590.8,0.1,0.0
289.530847,20.4821298,-103.3028772,1590.8,0.08,0.0
289.752164,20.4821299,-103.3028771,1590.8,0.11,0.0
289.92949,20.48213,-103.3028769,1590.8,0.11,0.0
290.125977,20.4821301,-103.3028768,1590.8,0.08,0.0
290.325726,20.4821302,-103.3028768,1590.8,0.07,0.0
290.52888,20.4821303,-103.3028767,1590.8,0.07,0.0
290.74578,20.4821303,-103.3028768,1590.8,0.07,0.0
290.931792,20.4821303,-103.3028768,1590.8,0.04,0.0
291.114403,20.4821303,-103.3028768,1590.8,0.15,0.0
291.322833,20.4821302,-103.3028769,1590.9,0.75,0.0
291.52198,20.4821302,-103.3028769,1591.1,1.52,0.0
291.738869,20.4821301,-103.3028769,1591.4,1.92,0.0
291.923709,20.4821301,-103.3028769,1591.9,1.95,0.0
292.123591,20.48213,-103.3028769,1592.2,1.78,0.0
292.321095,20.4821299,-103.3028768,1592.6,1.73,0.0
292.523562,20.4821298,-103.3028768,1592.9,1.77,0.0
292.740084,20.4821296,-103.3028768,1593.3,1.73,0.0
292.91601,20.4821294,-103.3028769,1593.6,1.71,0.0
293.122361,20.4821293,-103.3028769,1593.9,1.7,0.0
293.322184,20.4821291,-103.3028771,1594.3,1.72,0.0
293.520938,20.4821289,-103.3028773,1594.6,1.86,0.0
293.733599,20.4821287,-103.3028775,1595.0,1.81,0.0
293.922582,20.4821284,-103.3028777,1595.4,1.85,0.0
294.121407,20.4821283,-103.3028779,1595.7,1.78,0.0
294.322062,20.4821281,-103.3028781,1596.1,1.87,0.0
294.523916,20.482128,-103.3028783,1596.5,1.92,0.0
294.730497,20.4821278,-103.3028785,1596.8,1.83,0.0
294.923628,20.4821278,-103.3028786,1597.2,1.7,0.0
295.1256,20.4821278,-103.3028787,1597.5,1.44,0.0
295.320993,20.4821278,-103.3028789,1597.8,1.49,0.0
295.534815,20.4821278,-103.3028791,1598.1,1.64,0.0
295.742093,20.4821277,-103.3028793,1598.4,1.2,0.0
295.923825,20.4821277,-103.3028795,1598.6,1.17,0.0
296.123643,20.4821277,-103.3028796,1598.9,0.9,0.0
296.322313,20.4821277,-103.3028798,1599.0,0.37,0.0
296.521799,20.4821277,-103.3028799,1599.0,0.16,0.0
296.73486,20.4821277,-103.3028801,1599.1,0.32,0.0
296.922843,20.4821277,-103.3028803,1599.2,0.33,0.0
297.121714,20.4821278,-103.3028805,1599.2,0.33,0.0
297.316221,20.4821278,-103.3028805,1599.3,0.61,0.0
297.542092,20.4821278,-103.3028806,1599.5,1.0,0.0
297.73525,20.4821278,-103.3028806,1599.7,0.85,0.0
297.923536,20.4821279,-103.3028807,1599.8,0.54,0.0
298.123863,20.4821279,-103.3028807,1599.9,0.29,0.0
298.320646,20.482128,-103.3028806,1600.0,0.09,0.0
298.52189,20.482128,-103.3028805,1600.0,0.09,0.0
298.738566,20.4821281,-103.3028804,1600.0,0.11,0.0
298.923607,20.4821282,-103.3028803,1600.0,0.09,0.0
299.114735,20.4821282,-103.3028803,1600.0,0.08,0.0
299.323529,20.4821283,-103.3028802,1600.1,0.25,0.0
299.520629,20.4821283,-103.3028802,1600.1,0.54,0.0
299.740105,20.4821284,-103.3028803,1600.3,0.59,0.0
299.923551,20.4821284,-103.3028803,1600.4,0.55,0.0
300.122256,20.4821284,-103.3028802,1600.5,0.49,0.0
300.323959,20.4821284,-103.3028802,1600.6,0.5,0.0
300.523933,20.4821285,-103.3028803,1600.7,0.7,0.0
300.732574,20.4821285,-103.3028802,1600.9,0.67,0.0
300.922746,20.4821286,-103.3028802,1601.0,0.92,0.0
301.133643,20.4821286,-103.3028802,1601.2,0.87,0.0
301.328983,20.4821287,-103.3028801,1601.4,0.83,0.0
301.521846,20.4821287,-103.3028801,1601.6,0.85,0.0
301.745839,20.4821287,-103.3028801,1601.7,0.68,0.0
301.93066,20.4821287,-103.30288,1601.8,0.09,0.0
302.131486,20.4821286,-103.30288,1601.8,0.21,0.0
302.330339,20.4821285,-103.30288,1601.8,0.04,0.0
302.529096,20.4821284,-103.3028801,1601.8,0.07,0.0
302.734432,20.4821283,-103.3028802,1601.8,0.04,0.0
302.925668,20.4821282,-103.3028802,1601.8,0.04,0.0
303.122307,20.4821282,-103.3028802,1601.8,0.05,0.0
303.323522,20.4821281,-103.3028802,1601.9,0.07,0.0
303.517738,20.482128,-103.3028801,1601.9,0.05,0.0
303.734777,20.4821279,-103.30288,1601.9,0.05,0.0
303.922668,20.4821279,-103.3028799,1601.9,0.08,0.0
304.123873,20.4821278,-103.3028798,1601.9,0.09,0.0
304.320338,20.4821278,-103.3028796,1601.9,0.08,0.0
304.520334,20.4821277,-103.3028794,1601.9,0.08,0.0
304.740601,20.4821277,-103.3028793,1601.9,0.08,0.0
304.923577,20.4821276,-103.3028791,1601.9,0.05,0.0
305.132644,20.4821276,-103.302879,1601.9,0.05,0.0
305.324018,20.4821276,-103.302879,1601.9,0.06,0.0
305.529343,20.4821276,-103.3028792,1601.9,0.25,0.0
305.750658,20.4821276,-103.3028801,1601.9,0.64,0.0
305.931426,20.4821277,-103.302882,1601.9,1.36,0.0
306.129311,20.4821278,-103.3028854,1602.0,2.17,0.0
306.329044,20.482128,-103.3028903,1602.0,2.99,0.0
306.522277,20.4821282,-103.3028968,1602.0,3.74,0.0
306.731871,20.4821285,-103.3029046,1602.0,4.37,0.0
306.923585,20.4821288,-103.3029134,1602.0,4.9,0.0
307.116848,20.4821291,-103.3029233,1602.0,5.37,0.0
307.321767,20.4821294,-103.302934,1601.9,5.8,0.0
307.522801,20.4821297,-103.3029455,1601.9,6.2,0.0
307.741098,20.48213,-103.3029578,1601.9,6.55,0.0
307.922481,20.4821303,-103.3029707,1601.9,6.9,0.0
308.123718,20.4821307,-103.3029842,1601.9,7.22,0.0
308.322232,20.4821311,-103.3029983,1601.9,7.47,0.0
308.522039,20.4821315,-103.3030128,1601.9,7.72,0.0
308.734851,20.482132,-103.3030278,1601.9,7.95,0.0
308.9168,20.4821325,-103.3030432,1601.9,8.13,0.0
309.121779,20.4821331,-103.303059,1601.9,8.3,0.0
309.322759,20.4821336,-103.303075,1601.9,8.42,0.0
309.521866,20.4821342,-103.3030912,1601.9,8.53,0.0
309.730145,20.4821349,-103.3031077,1601.9,8.63,0.0
309.923609,20.4821356,-103.3031243,1601.9,8.73,0.0
310.122264,20.4821363,-103.303141,1601.9,8.72,0.0
310.322073,20.482137,-103.3031576,1601.9,8.6,0.0
310.524018,20.4821377,-103.3031737,1602.0,8.22,0.0
310.733736,20.4821383,-103.3031888,1602.0,7.64,0.0
310.922862,20.4821387,-103.3032027,1602.0,6.83,0.0
311.121505,20.4821386,-103.3032151,1602.1,6.11,0.0
311.319208,20.4821378,-103.3032259,1602.1,5.3,0.0
311.51571,20.4821361,-103.3032353,1602.1,4.74,0.0
311.742636,20.4821335,-103.3032435,1602.1,4.32,0.0
311.924297,20.48213,-103.3032506,1602.0,4.03,0.0
312.122163,20.4821259,-103.3032567,1602.0,3.87,0.0
312.320793,20.4821212,-103.303262,1602.0,3.74,0.0
312.518392,20.482116,-103.3032665,1602.0,3.68,0.0
312.732275,20.4821106,-103.3032704,1602.0,3.63,0.0
312.92395,20.482105,-103.3032739,1602.0,3.6,0.0
313.122406,20.4820992,-103.3032769,1602.0,3.58,0.0
313.316812,20.4820932,-103.3032796,1602.0,3.57,0.0
313.523565,20.4820872,-103.303282,1602.0,3.55,0.0
313.740531,20.4820811,-103.3032841,1602.1,3.59,0.0
313.921844,20.4820749,-103.303286,1602.1,3.6,0.0
314.122718,20.4820686,-103.3032877,1602.1,3.62,0.0
314.321794,20.4820622,-103.3032893,1602.1,3.65,0.0
314.521866,20.4820556,-103.3032906,1602.1,3.7,0.0
314.735205,20.482049,-103.3032919,1602.1,3.73,0.0
314.922198,20.4820425,-103.3032931,1602.2,3.65,0.0
315.113945,20.4820361,-103.3032939,1602.2,3.46,0.0
315.323564,20.4820302,-103.3032942,1602.2,3.12,0.0
315.520815,20.4820249,-103.3032937,1602.3,2.81,0.0
315.734522,20.4820203,-103.303292,1602.3,2.68,0.0
315.922659,20.4820163,-103.303289,1602.3,2.79,0.0
316.122644,20.482013,-103.3032846,1602.3,3.09,0.0
316.32249,20.4820102,-103.3032789,1602.3,3.6,0.0
316.531018,20.4820079,-103.303272,1602.3,4.05,0.0
316.739599,20.4820059,-103.3032641,1602.3,4.49,0.0
316.914349,20.4820042,-103.3032553,1602.2,4.83,0.0
317.13157,20.4820028,-103.3032459,1602.2,5.1,0.0
317.332399,20.4820016,-103.303236,1602.2,5.31,0.0
317.531121,20.4820006,-103.3032256,1602.2,5.51,0.0
317.746035,20.4819998,-103.303215,1602.2,5.63,0.0
317.933538,20.4819991,-103.3032041,1602.2,5.74,0.0
318.129564,20.4819985,-103.303193,1602.2,5.86,0.0
318.331503,20.4819979,-103.3031817,1602.2,5.91,0.0
318.531437,20.4819975,-103.3031704,1602.2,5.9,0.0
318.734392,20.481997,-103.3031591,1602.2,5.89,0.0
318.933597,20.4819966,-103.3031479,1602.2,5.72,0.0
319.131898,20.4819962,-103.3031374,1602.2,5.31,0.0
319.329994,20.4819958,-103.3031277,1602.2,4.8,0.0
319.529561,20.4819954,-103.3031193,1602.2,3.93,0.0
319.751815,20.4819952,-103.3031127,1602.2,3.05,0.0
319.931156,20.4819951,-103.3031077,1602.3,2.14,0.0
320.132175,20.4819951,-103.3031042,1602.2,1.47,0.0
320.330898,20.481995,-103.303102,1602.2,0.94,0.0
320.52555,20.481995,-103.3031006,1602.2,0.64,0.0
320.744556,20.4819949,-103.3030997,1602.1,0.5,0.0
320.927213,20.4819949,-103.3030991,1602.1,0.42,0.0
321.122793,20.4819949,-103.3030984,1602.0,0.42,0.0
321.324864,20.481995,-103.3030978,1602.0,0.41,0.0
321.532084,20.4819951,-103.303097,1602.0,0.44,0.0
321.73946,20.4819952,-103.3030961,1602.0,0.49,0.0
321.924365,20.4819953,-103.3030952,1601.9,0.5,0.0
322.121977,20.4819954,-103.3030943,1601.9,0.47,0.0
322.32068,20.4819955,-103.3030935,1601.9,0.42,0.0
322.521835,20.4819956,-103.3030928,1601.9,0.36,0.0
322.738925,20.4819956,-103.3030922,1601.9,0.26,0.0
322.921492,20.4819956,-103.3030918,1601.9,0.2,0.0
323.115891,20.4819955,-103.3030914,1601.9,0.14,0.0
323.321004,20.4819954,-103.3030913,1601.9,0.07,0.0
323.520879,20.4819954,-103.3030912,1601.9,0.05,0.0
323.738958,20.4819955,-103.3030912,1601.9,0.06,0.0
323.921491,20.4819955,-103.3030913,1601.9,0.08,0.0
324.121565,20.4819956,-103.3030914,1602.0,0.1,0.0
324.322326,20.4819956,-103.3030916,1602.0,0.14,0.0
324.522207,20.4819957,-103.3030918,1602.0,0.16,0.0
324.732817,20.4819957,-103.3030922,1602.0,0.18,0.0
324.913987,20.4819958,-103.3030925,1602.0,0.17,0.0
325.121811,20.4819958,-103.3030928,1602.0,0.19,0.0
325.319559,20.4819959,-103.3030932,1602.0,0.18,0.0
325.522732,20.4819959,-103.3030935,1602.0,0.18,0.0
325.740892,20.481996,-103.3030938,1602.0,0.16,0.0
325.921489,20.481996,-103.3030941,1602.0,0.15,0.0
326.12266,20.4819961,-103.3030944,1602.0,0.15,0.0
326.321173,20.4819961,-103.3030946,1602.0,0.13,0.0
326.520098,20.4819961,-103.3030949,1602.1,0.16,0.0
326.724272,20.4819962,-103.3030951,1602.1,0.14,0.0
326.923638,20.4819962,-103.3030954,1602.1,0.12,0.0
327.12186,20.4819963,-103.3030956,1602.1,0.11,0.0
327.322849,20.4819963,-103.3030958,1602.1,0.1,0.0
327.521821,20.4819964,-103.3030959,1602.1,0.12,0.0
327.733547,20.4819964,-103.3030961,1602.1,0.09,0.0
327.922449,20.4819963,-103.3030963,1602.1,0.09,0.0
328.121171,20.4819963,-103.3030964,1602.1,0.07,0.0
328.321073,20.4819963,-103.3030964,1602.2,0.11,0.0
328.516845,20.4819963,-103.303096,1602.2,0.41,0.0
328.738244,20.4819963,-103.3030946,1602.2,1.0,0.0
328.921791,20.4819964,-103.3030921,1602.3,1.67,0.0
329.121783,20.4819966,-103.3030882,1602.3,2.4,0.0
329.31829,20.4819967,-103.303083,1602.2,3.02,0.0
329.519284,20.4819969,-103.3030767,1602.2,3.61,0.0
329.737381,20.481997,-103.3030694,1602.2,3.98,0.0
329.92233,20.4819971,-103.3030613,1602.3,4.52,0.0
330.121435,20.4819972,-103.3030523,1602.3,4.81,0.0
330.320117,20.4819974,-103.3030426,1602.3,5.29,0.0
330.520876,20.4819975,-103.303032,1602.3,5.77,0.0
330.730364,20.4819977,-103.3030206,1602.3,6.16,0.0
330.922806,20.4819979,-103.3030085,1602.3,6.49,0.0
331.116814,20.4819982,-103.3029958,1602.3,6.77,0.0
331.321597,20.4819985,-103.3029825,1602.3,7.02,0.0
331.521813,20.4819988,-103.3029689,1602.3,7.16,0.0
331.757833,20.4819992,-103.3029551,1602.3,7.27,0.0
331.931815,20.4819995,-103.302941,1602.3,7.41,0.0
332.131802,20.4819999,-103.3029268,1602.3,7.48,0.0
332.325141,20.4820001,-103.3029124,1602.3,7.53,0.0
332.527205,20.4820005,-103.302898,1602.3,7.54,0.0
332.744074,20.4820008,-103.3028835,1602.3,7.58,0.0
332.916916,20.4820011,-103.3028689,1602.3,7.62,0.0
333.123597,20.4820014,-103.3028543,1602.3,7.64,0.0
333.325566,20.4820018,-103.3028397,1602.3,7.6,0.0
333.523602,20.4820021,-103.3028252,1602.2,7.53,0.0
333.733848,20.4820026,-103.3028109,1602.2,7.45,0.0
333.922597,20.482003,-103.3027967,1602.2,7.39,0.0
334.122488,20.4820034,-103.3027825,1602.2,7.37,0.0
334.321165,20.4820039,-103.3027684,1602.2,7.33,0.0
334.520944,20.4820043,-103.3027544,1602.2,7.36,0.0
334.729383,20.4820048,-103.3027404,1602.1,7.23,0.0
334.92178,20.4820053,-103.3027266,1602.1,7.16,0.0
335.123726,20.4820058,-103.3027131,1602.0,6.95,0.0
335.330148,20.4820063,-103.3027,1602.0,6.72,0.0
335.522168,20.4820068,-103.3026875,1602.0,6.4,0.0
335.747864,20.4820074,-103.3026755,1602.0,6.11,0.0
335.931812,20.4820079,-103.3026641,1602.0,5.81,0.0
336.129352,20.4820084,-103.3026532,1602.0,5.6,0.0
336.331485,20.4820089,-103.3026427,1602.0,5.36,0.0
336.523945,20.4820095,-103.3026326,1602.0,5.21,0.0
336.741794,20.4820099,-103.3026229,1602.0,4.92,0.0
336.922175,20.4820102,-103.302614,1602.0,4.37,0.0
337.120996,20.4820104,-103.3026063,1601.9,3.7,0.0
337.320064,20.4820105,-103.3026001,1601.9,2.89,0.0
337.520731,20.4820106,-103.3025953,1601.9,2.12,0.0
337.738913,20.4820109,-103.3025918,1601.9,1.59,0.0
337.92149,20.4820112,-103.3025893,1601.8,1.15,0.0
338.121484,20.4820115,-103.3025874,1601.8,0.88,0.0
338.318196,20.4820118,-103.3025861,1601.7,0.67,0.0
338.521815,20.482012,-103.302585,1601.7,0.55,0.0
338.731815,20.4820121,-103.302584,1601.7,0.55,0.0
338.921775,20.4820122,-103.3025831,1601.7,0.44,0.0
339.11758,20.4820123,-103.3025825,1601.7,0.21,0.0
339.321689,20.4820124,-103.3025827,1601.6,0.32,0.0
339.520589,20.4820124,-103.3025839,1601.7,0.98,0.0
339.732089,20.4820126,-103.3025865,1601.7,1.71,0.0
339.921425,20.4820128,-103.3025905,1601.7,2.44,0.0
340.120194,20.4820129,-103.3025958,1601.7,3.08,0.0
340.3212,20.482013,-103.3026023,1601.7,3.69,0.0
340.522071,20.482013,-103.3026099,1601.7,4.26,0.0
340.735935,20.4820129,-103.3026186,1601.7,4.8,0.0
340.914325,20.4820128,-103.3026284,1601.7,5.34,0.0
341.12191,20.4820125,-103.3026391,1601.8,5.84,0.0
341.320669,20.4820121,-103.3026507,1601.8,6.28,0.0
341.520613,20.4820117,-103.3026632,1601.8,6.7,0.0
341.744114,20.4820113,-103.3026763,1601.8,7.02,0.0
341.923582,20.4820108,-103.3026901,1601.8,7.32,0.0
342.120205,20.4820103,-103.3027044,1601.8,7.63,0.0
342.322267,20.4820097,-103.3027192,1601.8,7.8,0.0
342.520128,20.4820091,-103.3027344,1601.9,8.04,0.0
342.719592,20.4820085,-103.3027498,1601.9,8.12,0.0
342.922802,20.4820077,-103.3027656,1601.9,8.37,0.0
343.121489,20.482007,-103.3027818,1601.9,8.5,0.0
343.321249,20.4820062,-103.3027983,1601.9,8.72,0.0
343.520135,20.4820056,-103.3028152,1601.9,8.93,0.0
343.739287,20.4820051,-103.3028324,1602.0,9.07,0.0
343.920838,20.4820047,-103.3028499,1602.0,9.2,0.0
344.121955,20.4820044,-103.3028677,1602.0,9.3,0.0
344.321807,20.482004,-103.3028855,1602.0,9.34,0.0
344.511883,20.4820037,-103.3029035,1602.0,9.4,0.0
344.73432,20.4820034,-103.3029216,1602.0,9.46,0.0
344.922323,20.482003,-103.3029397,1602.0,9.45,0.0
345.12145,20.4820027,-103.3029579,1602.0,9.53,0.0
345.321102,20.4820023,-103.3029762,1602.0,9.56,0.0
345.520771,20.4820019,-103.3029945,1602.0,9.61,0.0
345.733693,20.4820016,-103.303013,1602.0,9.66,0.0
345.921875,20.4820011,-103.3030315,1602.0,9.63,0.0
346.121839,20.4820007,-103.30305,1602.0,9.68,0.0
346.313886,20.4820002,-103.3030686,1602.0,9.7,0.0
346.521887,20.4819997,-103.3030873,1602.0,9.76,0.0
346.738382,20.4819992,-103.3031059,1602.0,9.75,0.0
346.932734,20.4819987,-103.3031247,1602.0,9.81,0.0
347.121948,20.4819982,-103.3031435,1602.0,9.82,0.0
347.322807,20.4819978,-103.3031623,1602.0,9.84,0.0
347.528339,20.4819974,-103.3031812,1602.0,9.86,0.0
347.748371,20.4819971,-103.3032001,1602.0,9.89,0.0
347.930332,20.4819966,-103.3032191,1602.0,9.93,0.0
348.125538,20.4819962,-103.3032382,1602.0,9.95,0.0
348.330877,20.4819957,-103.3032573,1602.0,9.96,0.0
348.528577,20.4819952,-103.3032763,1602.0,9.93,0.0
348.743578,20.4819947,-103.3032954,1601.9,9.94,0.0
348.92478,20.4819942,-103.3033144,1601.9,9.97,0.0
349.133609,20.4819937,-103.3033335,1601.9,9.94,0.0
349.328856,20.4819931,-103.3033526,1601.8,9.95,0.0
349.530089,20.4819925,-103.3033716,1601.8,9.95,0.0
349.751116,20.4819919,-103.3033907,1601.8,9.93,0.0
349.93066,20.4819912,-103.3034097,1601.8,9.91,0.0
350.130659,20.4819906,-103.3034287,1601.8,9.93,0.0
350.328309,20.4819899,-103.3034477,1601.8,9.88,0.0
350.525937,20.4819892,-103.3034666,1601.8,9.9,0.0
350.732187,20.4819885,-103.3034855,1601.8,9.87,0.0
350.934387,20.4819878,-103.3035044,1601.8,9.84,0.0
351.131098,20.4819872,-103.3035233,1601.8,9.85,0.0
351.330103,20.4819864,-103.3035422,1601.8,9.9,0.0
351.528889,20.4819858,-103.3035611,1601.8,9.86,0.0
351.750255,20.4819851,-103.30358,1601.8,9.85,0.0
351.931481,20.4819843,-103.3035989,1601.8,9.88,0.0
352.123944,20.4819837,-103.3036178,1601.8,9.84,0.0
352.320362,20.4819831,-103.3036367,1601.8,9.86,0.0
352.511518,20.4819825,-103.3036555,1601.8,9.83,0.0
352.737262,20.4819818,-103.3036744,1601.8,9.83,0.0
352.920904,20.4819812,-103.3036932,1601.8,9.83,0.0
353.121864,20.4819806,-103.3037119,1601.8,9.73,0.0
353.320656,20.48198,-103.3037303,1601.8,9.43,0.0
353.51834,20.4819794,-103.3037478,1601.9,8.88,0.0
353.736756,20.481979,-103.303764,1601.9,8.04,0.0
353.920354,20.4819787,-103.3037785,1602.0,7.1,0.0
354.119307,20.4819786,-103.3037911,1602.0,6.09,0.0
354.315805,20.4819786,-103.3038018,1601.9,5.08,0.0
354.520329,20.4819788,-103.3038104,1601.9,3.9,0.0
354.730639,20.4819792,-103.3038171,1601.9,3.09,0.0
354.921811,20.4819794,-103.3038221,1601.9,2.24,0.0
355.118632,20.4819796,-103.3038259,1601.9,1.66,0.0
355.317294,20.4819796,-103.3038286,1601.8,1.22,0.0
355.51931,20.4819795,-103.3038305,1601.8,0.85,0.0
355.740154,20.4819795,-103.3038321,1601.8,0.82,0.0
355.921504,20.4819793,-103.3038336,1601.8,0.78,0.0
356.118328,20.4819792,-103.303835,1601.8,0.74,0.0
356.320144,20.481979,-103.3038365,1601.8,0.77,0.0
356.518888,20.4819786,-103.3038379,1601.8,0.77,0.0
356.732691,20.4819776,-103.3038391,1601.8,0.91,0.0
356.916605,20.4819758,-103.3038402,1601.8,1.34,0.0
357.120601,20.4819731,-103.3038412,1601.8,1.9,0.0
357.321473,20.4819692,-103.3038421,1601.8,2.44,0.0
357.520085,20.4819643,-103.3038427,1601.8,3.02,0.0
357.733935,20.4819584,-103.303843,1601.9,3.47,0.0
357.920091,20.4819518,-103.303843,1601.9,3.86,0.0
358.120934,20.4819445,-103.3038428,1601.9,4.24,0.0
358.318593,20.4819364,-103.3038421,1601.9,4.77,0.0
358.520651,20.4819274,-103.3038411,1601.9,5.16,0.0
358.72909,20.4819178,-103.3038395,1601.9,5.61,0.0
358.921474,20.4819074,-103.3038373,1601.9,6.1,0.0
359.122321,20.4818964,-103.3038343,1601.9,6.53,0.0
359.320085,20.4818849,-103.3038305,1601.9,6.82,0.0
359.518675,20.4818732,-103.3038257,1601.9,7.07,0.0
359.73718,20.4818614,-103.30382,1601.9,7.25,0.0
359.920712,20.4818499,-103.3038132,1602.0,7.39,0.0
360.120656,20.4818388,-103.3038053,1602.0,7.41,0.0
360.322634,20.4818284,-103.3037963,1602.0,7.46,0.0
360.512861,20.4818187,-103.3037863,1602.0,7.52,0.0
360.731044,20.48181,-103.3037753,1602.0,7.54,0.0
360.921214,20.4818024,-103.3037633,1602.0,7.55,0.0
361.120129,20.4817962,-103.3037506,1602.0,7.51,0.0
361.320259,20.4817914,-103.3037372,1602.0,7.45,0.0
361.520774,20.4817882,-103.3037235,1602.0,7.38,0.0
361.742246,20.4817868,-103.3037097,1602.0,7.23,0.0
361.921614,20.4817871,-103.303696,1602.0,7.12,0.0
362.122641,20.4817892,-103.3036828,1602.0,6.94,0.0
362.312766,20.481793,-103.3036704,1602.0,6.85,0.0
362.52818,20.4817984,-103.3036589,1602.0,6.68,0.0
362.733524,20.4818052,-103.3036488,1602.0,6.42,0.0
362.92001,20.4818129,-103.3036402,1602.0,6.16,0.0
363.118912,20.4818211,-103.3036332,1602.0,5.64,0.0
363.32084,20.4818292,-103.303628,1602.0,4.99,0.0
363.521898,20.4818366,-103.3036244,1602.0,4.2,0.0
363.730506,20.4818431,-103.3036224,1601.9,3.32,0.0
363.921616,20.4818481,-103.3036217,1601.9,2.42,0.0
364.114014,20.4818516,-103.3036219,1601.9,1.58,0.0
364.31819,20.4818536,-103.3036226,1601.9,0.84,0.0
364.520133,20.4818543,-103.3036234,1601.9,0.43,0.0
364.738426,20.4818538,-103.3036239,1601.8,0.58,0.0
364.916866,20.4818526,-103.303624,1601.8,0.86,0.0
365.122053,20.4818511,-103.3036233,1601.8,1.14,0.0
365.320081,20.4818492,-103.3036216,1601.7,1.61,0.0
365.525203,20.4818471,-103.3036187,1601.7,2.22,0.0
365.748853,20.4818446,-103.3036145,1601.7,3.03,0.0
365.926211,20.4818415,-103.3036089,1601.7,3.74,0.0
366.128288,20.4818377,-103.3036022,1601.7,4.43,0.0
366.331228,20.4818334,-103.3035944,1601.7,5.06,0.0
366.528993,20.4818284,-103.3035857,1601.7,5.6,0.0
366.726862,20.481823,-103.3035762,1601.7,6.05,0.0
366.930136,20.4818172,-103.3035661,1601.7,6.32,0.0
367.123608,20.4818111,-103.3035555,1601.7,6.68,0.0
367.320087,20.4818048,-103.3035443,1601.7,6.91,0.0
367.520069,20.4817985,-103.3035327,1601.8,7.13,0.0
367.73823,20.481792,-103.3035208,1601.8,7.33,0.0
367.92062,20.4817855,-103.3035084,1601.8,7.45,0.0
368.121596,20.4817791,-103.3034958,1601.8,7.61,0.0
368.320332,20.4817727,-103.3034828,1601.8,7.72,0.0
368.511507,20.4817665,-103.3034695,1601.8,7.82,0.0
368.73359,20.4817604,-103.303456,1601.8,7.89,0.0
368.922094,20.4817546,-103.3034421,1601.8,8.03,0.0
369.120073,20.481749,-103.3034279,1601.8,8.04,0.0
369.320771,20.4817438,-103.3034135,1601.8,8.09,0.0
369.520637,20.4817389,-103.3033989,1601.8,8.15,0.0
369.733672,20.4817343,-103.3033841,1601.8,8.22,0.0
369.921496,20.4817301,-103.303369,1601.8,8.26,0.0
370.120336,20.4817263,-103.3033537,1601.8,8.29,0.0
370.309434,20.481723,-103.3033382,1601.8,8.36,0.0
370.521771,20.4817202,-103.3033225,1601.8,8.4,0.0
370.73834,20.4817179,-103.3033066,1601.8,8.47,0.0
370.920965,20.4817161,-103.3032905,1601.8,8.56,0.0
371.120002,20.4817149,-103.3032742,1601.8,8.57,0.0
371.32,20.4817143,-103.3032578,1601.8,8.63,0.0
371.517404,20.4817143,-103.3032412,1601.8,8.73,0.0
371.742172,20.4817152,-103.3032245,1601.8,8.78,0.0
371.922769,20.4817168,-103.3032078,1601.8,8.81,0.0
372.11286,20.4817191,-103.3031911,1601.8,8.82,0.0
372.321453,20.4817222,-103.3031746,1601.9,8.82,0.0
372.520323,20.481726,-103.3031583,1601.9,8.82,0.0
372.73066,20.4817307,-103.3031422,1601.9,8.83,0.0
372.918671,20.4817362,-103.3031264,1601.9,8.81,0.0
373.119991,20.4817424,-103.3031109,1601.9,8.82,0.0
373.318449,20.4817494,-103.3030958,1601.9,8.83,0.0
373.519331,20.4817572,-103.303081,1601.9,8.82,0.0
373.738745,20.4817656,-103.3030668,1601.9,8.79,0.0
373.915944,20.4817748,-103.3030531,1601.9,8.79,0.0
374.121171,20.4817845,-103.3030399,1602.0,8.81,0.0
374.320176,20.4817949,-103.3030272,1602.0,8.79,0.0
374.520074,20.4818057,-103.3030149,1602.0,8.88,0.0
374.726073,20.4818171,-103.3030029,1602.0,8.91,0.0
374.921857,20.4818289,-103.3029914,1602.0,8.89,0.0
375.120614,20.4818409,-103.3029801,1602.0,8.92,0.0
375.320362,20.4818533,-103.3029692,1602.1,8.96,0.0
375.520225,20.4818659,-103.3029583,1602.1,9.05,0.0
375.730872,20.4818785,-103.3029476,1602.1,8.89,0.0
375.921459,20.481891,-103.3029373,1602.0,8.75,0.0
376.121252,20.4819032,-103.3029274,1602.0,8.29,0.0
376.320067,20.4819145,-103.3029183,1602.1,7.51,0.0
376.513674,20.4819244,-103.3029102,1602.1,6.45,0.0
376.734775,20.481933,-103.3029033,1602.2,5.59,0.0
376.920704,20.4819401,-103.3028977,1602.2,4.29,0.0
377.123834,20.4819456,-103.3028933,1602.2,3.36,0.0
377.329042,20.4819497,-103.3028901,1602.2,2.36,0.0
377.528206,20.4819525,-103.3028879,1602.2,1.56,0.0
377.747295,20.4819541,-103.3028865,1602.1,0.98,0.0
377.924596,20.4819551,-103.3028857,1602.1,0.71,0.0
378.127043,20.4819556,-103.3028851,1602.0,0.54,0.0
378.320148,20.4819559,-103.3028846,1602.0,0.51,0.0
378.529591,20.4819563,-103.302884,1601.9,0.54,0.0
378.742404,20.4819567,-103.302883,1601.9,0.63,0.0
378.930232,20.4819572,-103.3028819,1601.8,0.66,0.0
379.131417,20.4819575,-103.3028807,1601.8,0.61,0.0
379.327829,20.4819575,-103.3028795,1601.8,0.59,0.0
379.530133,20.481957,-103.3028782,1601.8,0.74,0.0
379.750265,20.4819559,-103.3028768,1601.8,1.03,0.0
379.930646,20.4819541,-103.3028751,1601.8,1.48,0.0
380.122153,20.4819517,-103.3028728,1601.8,2.03,0.0
380.330362,20.4819485,-103.3028698,1601.8,2.53,0.0
380.527189,20.4819448,-103.3028659,1601.8,3.09,0.0
380.744303,20.4819407,-103.3028611,1601.8,3.57,0.0
380.928195,20.4819363,-103.3028553,1601.8,4.05,0.0
381.129067,20.4819319,-103.3028484,1601.8,4.47,0.0
381.325636,20.4819277,-103.3028406,1601.8,4.83,0.0
381.528885,20.4819237,-103.3028319,1601.8,5.13,0.0
381.749062,20.4819201,-103.3028224,1601.8,5.34,0.0
381.924218,20.481917,-103.3028123,1601.8,5.53,0.0
382.129477,20.4819145,-103.3028017,1601.8,5.72,0.0
382.32719,20.4819126,-103.3027908,1601.9,5.76,0.0
382.519551,20.4819112,-103.3027797,1601.8,5.79,0.0
382.731484,20.4819104,-103.3027684,1601.8,5.88,0.0
382.919297,20.4819102,-103.3027572,1601.8,5.75,0.0
383.122251,20.4819106,-103.3027461,1601.9,5.77,0.0
383.320082,20.4819116,-103.3027352,1601.9,5.61,0.0
383.518862,20.4819131,-103.3027247,1601.9,5.48,0.0
383.733821,20.4819152,-103.3027145,1601.9,5.44,0.0
383.920768,20.4819178,-103.3027045,1601.8,5.32,0.0
384.119906,20.481921,-103.302695,1601.8,5.22,0.0
384.320648,20.4819245,-103.3026859,1601.8,5.04,0.0
384.514835,20.4819285,-103.3026775,1601.8,4.91,0.0
384.73115,20.4819329,-103.3026697,1601.7,4.63,0.0
384.920079,20.4819374,-103.3026626,1601.7,4.36,0.0
385.121217,20.4819423,-103.3026563,1601.7,4.2,0.0
385.320014,20.4819475,-103.3026509,1601.7,4.0,0.0
385.52007,20.481953,-103.3026463,1601.6,3.88,0.0
385.738158,20.4819588,-103.3026427,1601.6,3.76,0.0
385.919591,20.481965,-103.3026402,1601.6,3.73,0.0
386.119444,20.4819714,-103.3026386,1601.6,3.71,0.0
386.311611,20.481978,-103.302638,1601.6,3.78,0.0
386.519014,20.4819847,-103.3026385,1601.5,3.88,0.0
386.731815,20.4819916,-103.3026401,1601.5,4.03,0.0
386.921989,20.4819985,-103.3026427,1601.5,4.3,0.0
387.11898,20.4820055,-103.3026466,1601.5,4.51,0.0
387.319556,20.4820124,-103.3026515,1601.5,4.81,0.0
387.519339,20.4820191,-103.3026578,1601.5,5.2,0.0
387.732279,20.4820256,-103.3026654,1601.5,5.56,0.0
387.921499,20.4820317,-103.3026743,1601.5,5.99,0.0
388.112689,20.4820373,-103.3026844,1601.5,6.36,0.0
388.31898,20.4820424,-103.3026954,1601.5,6.53,0.0
388.518848,20.4820469,-103.3027069,1601.5,6.56,0.0
388.733863,20.4820507,-103.3027184,1601.5,6.29,0.0
388.92036,20.4820538,-103.3027294,1601.6,5.71,0.0
389.120685,20.4820561,-103.3027391,1601.6,4.81,0.0
389.320527,20.4820577,-103.3027471,1601.6,3.89,0.0
389.518339,20.4820588,-103.3027534,1601.6,2.88,0.0
389.736833,20.4820596,-103.3027578,1601.6,1.82,0.0
389.912628,20.4820601,-103.3027604,1601.6,1.05,0.0
390.118332,20.4820606,-103.3027617,1601.6,0.53,0.0
390.320132,20.4820612,-103.3027621,1601.6,0.44,0.0
390.52009,20.4820618,-103.3027621,1601.6,0.41,0.0
390.726142,20.4820626,-103.3027623,1601.6,0.63,0.0
390.920776,20.4820637,-103.302763,1601.6,0.88,0.0
391.120695,20.4820649,-103.3027645,1601.6,1.25,0.0
391.317401,20.4820663,-103.3027667,1601.6,1.57,0.0
391.519474,20.4820677,-103.3027697,1601.6,1.96,0.0
391.736802,20.4820692,-103.3027734,1601.6,2.3,0.0
391.919269,20.4820706,-103.3027778,1601.6,2.63,0.0
392.120144,20.482072,-103.3027828,1601.6,2.93,0.0
392.322188,20.4820731,-103.3027885,1601.7,3.18,0.0
392.515572,20.482074,-103.3027947,1601.7,3.4,0.0
392.739373,20.4820745,-103.3028013,1601.7,3.55,0.0
392.929995,20.4820748,-103.3028082,1601.7,3.71,0.0
393.118912,20.4820746,-103.3028154,1601.7,3.77,0.0
393.321809,20.4820742,-103.3028226,1601.7,3.81,0.0
393.517423,20.4820735,-103.3028299,1601.7,3.85,0.0
393.743542,20.4820725,-103.3028373,1601.7,3.93,0.0
393.930991,20.4820715,-103.3028448,1601.8,3.98,0.0
394.120127,20.4820702,-103.3028523,1601.8,4.07,0.0
394.312486,20.4820688,-103.3028601,1601.8,4.14,0.0
394.518903,20.4820673,-103.3028679,1601.8,4.18,0.0
394.736922,20.4820656,-103.3028758,1601.8,4.3,0.0
394.919551,20.4820638,-103.3028839,1601.8,4.44,0.0
395.120621,20.4820617,-103.3028925,1601.8,4.79,0.0
395.320608,20.4820595,-103.3029016,1601.8,5.05,0.0
395.517568,20.4820569,-103.3029113,1601.8,5.45,0.0
395.737121,20.4820541,-103.3029217,1601.8,5.82,0.0
395.922594,20.4820511,-103.3029326,1601.9,6.06,0.0
396.116061,20.4820479,-103.302944,1601.9,6.26,0.0
396.329003,20.4820445,-103.3029555,1601.9,6.4,0.0
396.527858,20.4820409,-103.3029674,1601.9,6.55,0.0
396.741577,20.4820372,-103.3029794,1601.9,6.67,0.0
396.929592,20.4820335,-103.3029916,1601.9,6.7,0.0
397.12865,20.4820296,-103.303004,1601.9,6.84,0.0
397.326098,20.4820256,-103.3030165,1601.9,6.99,0.0
397.527272,20.4820215,-103.3030294,1601.9,7.14,0.0
397.740082,20.4820174,-103.3030426,1601.9,7.36,0.0
397.911858,20.4820131,-103.3030561,1601.9,7.55,0.0
398.120609,20.4820087,-103.3030701,1601.9,7.75,0.0
398.320307,20.4820042,-103.3030844,1601.9,7.96,0.0
398.519116,20.4819996,-103.303099,1601.9,8.11,0.0
398.73092,20.4819949,-103.3031139,1601.9,8.25,0.0
398.921057,20.4819902,-103.303129,1601.9,8.33,0.0
399.118877,20.4819855,-103.3031442,1601.9,8.38,0.0
399.322035,20.4819807,-103.3031596,1601.8,8.51,0.0
399.520261,20.4819759,-103.3031751,1601.9,8.52,0.0
399.724993,20.481971,-103.3031908,1601.8,8.68,0.0
399.921744,20.4819662,-103.3032067,1601.8,8.72,0.0
400.120624,20.4819614,-103.3032227,1601.8,8.85,0.0
400.319292,20.4819565,-103.3032391,1601.8,9.08,0.0
400.516956,20.4819515,-103.3032558,1601.8,9.15,0.0
400.73624,20.4819465,-103.3032726,1601.8,9.26,0.0
400.918913,20.4819414,-103.3032896,1601.8,9.32,0.0
401.12011,20.4819363,-103.3033067,1601.8,9.35,0.0
401.31887,20.4819311,-103.3033238,1601.8,9.4,0.0
401.515683,20.4819259,-103.3033409,1601.8,9.35,0.0
401.742381,20.4819208,-103.3033578,1601.8,9.15,0.0
401.921795,20.4819159,-103.3033744,1601.8,9.02,0.0
402.118446,20.4819109,-103.3033908,1601.8,8.93,0.0
402.313545,20.4819061,-103.3034069,1601.8,8.69,0.0
402.519266,20.4819013,-103.3034228,1601.8,8.7,0.0
402.730162,20.4818966,-103.3034388,1601.8,8.74,0.0
402.921116,20.481892,-103.3034546,1601.8,8.55,0.0
403.121125,20.4818876,-103.3034699,1601.9,8.12,0.0
403.31772,20.4818836,-103.3034841,1601.9,7.39,0.0
403.519556,20.48188,-103.3034969,1601.9,6.52,0.0
403.738883,20.4818769,-103.3035079,1602.0,5.47,0.0
403.918284,20.4818745,-103.303517,1602.0,4.44,0.0
404.115177,20.4818728,-103.3035242,1601.9,3.34,0.0
404.320243,20.4818718,-103.3035296,1601.9,2.45,0.0
404.518228,20.4818718,-103.3035336,1601.9,1.82,0.0
404.731892,20.4818728,-103.3035365,1601.8,1.61,0.0
404.918888,20.4818748,-103.3035389,1601.8,1.86,0.0
405.11774,20.4818779,-103.3035409,1601.8,2.28,0.0
405.318638,20.481882,-103.3035428,1601.8,2.69,0.0
405.518553,20.4818868,-103.3035447,1601.8,3.01,0.0
405.731464,20.4818921,-103.3035464,1601.7,3.23,0.0
405.910915,20.4818979,-103.303548,1601.7,3.45,0.0
406.120656,20.4819041,-103.3035493,1601.7,3.63,0.0
406.320626,20.4819109,-103.3035503,1601.7,4.01,0.0
406.520333,20.4819185,-103.303551,1601.7,4.5,0.0
406.735104,20.481927,-103.3035511,1601.7,4.94,0.0
406.920061,20.4819363,-103.3035507,1601.7,5.4,0.0
407.120004,20.4819462,-103.3035498,1601.6,5.62,0.0
407.318484,20.4819563,-103.3035486,1601.6,5.61,0.0
407.521814,20.4819659,-103.3035472,1601.6,5.19,0.0
407.735489,20.4819745,-103.3035459,1601.7,4.5,0.0
407.928934,20.4819817,-103.3035448,1601.7,3.58,0.0
408.118244,20.4819872,-103.303544,1601.7,2.57,0.0
408.321213,20.481991,-103.3035437,1601.8,1.65,0.0
408.523641,20.4819937,-103.3035437,1601.8,1.32,0.0
408.740492,20.4819954,-103.303544,1601.7,0.74,0.0
408.928417,20.4819967,-103.3035445,1601.7,0.84,0.0
409.128378,20.481998,-103.3035451,1601.6,0.88,0.0
409.327275,20.4819995,-103.3035458,1601.6,1.0,0.0
409.522841,20.4820012,-103.3035466,1601.6,1.13,0.0
409.748634,20.482003,-103.3035476,1601.6,1.18,0.0
409.92928,20.4820047,-103.3035488,1601.6,1.13,0.0
410.128282,20.4820062,-103.3035503,1601.6,1.17,0.0
410.322577,20.4820072,-103.3035521,1601.6,1.18,0.0
410.526888,20.4820075,-103.3035545,1601.6,1.37,0.0
410.740625,20.482007,-103.3035574,1601.6,1.73,0.0
410.929999,20.4820057,-103.3035608,1601.6,2.15,0.0
411.127279,20.4820035,-103.3035647,1601.5,2.6,0.0
411.326803,20.4820005,-103.303569,1601.5,3.02,0.0
411.527301,20.4819965,-103.3035735,1601.5,3.38,0.0
411.746811,20.4819919,-103.3035782,1601.5,3.69,0.0
411.929253,20.4819867,-103.3035827,1601.5,3.8,0.0
412.120364,20.481981,-103.3035872,1601.5,3.96,0.0
412.32371,20.481975,-103.3035912,1601.5,3.95,0.0
412.518892,20.4819688,-103.3035948,1601.5,3.87,0.0
412.734962,20.4819625,-103.303598,1601.5,3.75,0.0
412.91848,20.4819563,-103.3036006,1601.5,3.64,0.0
413.119534,20.4819502,-103.3036025,1601.5,3.43,0.0
413.319342,20.4819442,-103.3036034,1601.5,3.23,0.0
413.519275,20.4819385,-103.3036034,1601.5,3.03,0.0
413.736246,20.4819333,-103.3036023,1601.5,2.87,0.0
413.910202,20.4819285,-103.3036001,1601.6,2.88,0.0
414.118848,20.4819243,-103.3035967,1601.5,3.0,0.0
414.318517,20.4819206,-103.3035921,1601.5,3.25,0.0
414.518345,20.4819175,-103.3035864,1601.5,3.61,0.0
414.729015,20.4819151,-103.3035795,1601.5,4.0,0.0
414.919228,20.4819134,-103.3035715,1601.5,4.46,0.0
415.119049,20.4819123,-103.3035626,1601.5,4.9,0.0
415.317069,20.4819118,-103.3035527,1601.5,5.42,0.0
415.519998,20.4819119,-103.3035419,1601.5,5.85,0.0
415.730524,20.4819125,-103.3035301,1601.5,6.38,0.0
415.918449,20.4819138,-103.3035175,1601.4,6.82,0.0
416.119457,20.4819155,-103.303504,1601.4,7.37,0.0
416.318283,20.4819177,-103.3034896,1601.4,7.79,0.0
416.515882,20.4819204,-103.3034745,1601.3,8.23,0.0
416.729995,20.4819236,-103.3034587,1601.3,8.63,0.0
416.920068,20.4819272,-103.3034422,1601.3,8.96,0.0
417.118687,20.4819312,-103.3034251,1601.3,9.38,0.0
417.319591,20.4819355,-103.3034074,1601.3,9.68,0.0
417.513484,20.4819403,-103.3033892,1601.3,10.0,0.0
417.730105,20.4819454,-103.3033704,1601.3,10.34,0.0
417.919095,20.4819509,-103.3033512,1601.2,10.55,0.0
418.11897,20.4819568,-103.3033316,1601.2,10.89,0.0
418.313642,20.481963,-103.3033116,1601.2,11.08,0.0
418.518877,20.4819695,-103.3032912,1601.2,11.34,0.0
418.734987,20.4819764,-103.3032704,1601.2,11.62,0.0
418.918646,20.4819835,-103.3032493,1601.1,11.79,0.0
419.118587,20.4819911,-103.3032279,1601.1,12.01,0.0
419.314292,20.481999,-103.3032062,1601.1,12.25,0.0
419.516105,20.4820072,-103.3031842,1601.0,12.42,0.0
419.734307,20.4820157,-103.3031618,1601.0,12.65,0.0
419.918884,20.4820244,-103.3031392,1601.0,12.84,0.0
420.112488,20.4820334,-103.3031164,1600.9,13.0,0.0
420.318835,20.4820427,-103.3030932,1600.9,13.22,0.0
420.517584,20.4820521,-103.3030697,1600.8,13.37,0.0
420.728279,20.4820617,-103.303046,1600.8,13.57,0.0
420.919587,20.4820714,-103.3030219,1600.7,13.68,0.0
421.118471,20.4820811,-103.3029976,1600.7,13.86,0.0
421.317319,20.4820909,-103.302973,1600.6,14.01,0.0
421.518211,20.4821008,-103.3029482,1600.6,14.12,0.0
421.741805,20.4821107,-103.3029231,1600.6,14.29,0.0
421.909298,20.4821206,-103.3028975,1600.5,14.52,0.0
422.118894,20.4821304,-103.3028716,1600.5,14.62,0.0
422.317636,20.4821401,-103.3028455,1600.5,14.66,0.0
422.515335,20.4821497,-103.3028191,1600.5,14.8,0.0
422.732449,20.4821592,-103.3027926,1600.5,14.81,0.0
422.928231,20.4821685,-103.3027659,1600.5,14.88,0.0
423.12389,20.4821777,-103.3027389,1600.5,15.05,0.0
423.321442,20.4821867,-103.3027118,1600.4,14.98,0.0
423.526847,20.4821955,-103.3026845,1600.4,15.1,0.0
423.732039,20.4822039,-103.3026569,1600.4,15.14,0.0
423.920167,20.482212,-103.3026293,1600.4,15.01,0.0
424.118887,20.4822199,-103.3026019,1600.5,14.82,0.0
424.317634,20.4822276,-103.302575,1600.5,14.62,0.0
424.517648,20.4822354,-103.3025485,1600.6,14.33,0.0
424.733655,20.4822431,-103.3025227,1600.6,13.92,0.0
424.921508,20.4822508,-103.3024976,1600.6,13.67,0.0
425.118239,20.4822585,-103.3024731,1600.6,13.24,0.0
425.318236,20.4822661,-103.3024497,1600.6,12.63,0.0
425.5105,20.4822736,-103.3024275,1600.6,12.07,0.0
425.733886,20.482281,-103.3024065,1600.6,11.34,0.0
425.918837,20.4822883,-103.302387,1600.6,10.55,0.0
426.117069,20.4822954,-103.3023692,1600.6,9.64,0.0
426.317614,20.4823023,-103.3023532,1600.5,8.77,0.0
426.52611,20.4823088,-103.302339,1600.5,7.83,0.0
426.737732,20.482315,-103.3023264,1600.4,6.99,0.0
426.926857,20.4823208,-103.3023156,1600.4,6.1,0.0
427.12681,20.4823264,-103.3023065,1600.3,5.25,0.0
427.318161,20.4823316,-103.3022991,1600.2,4.5,0.0
427.525308,20.4823365,-103.3022934,1600.2,3.68,0.0
427.748132,20.4823411,-103.3022893,1600.1,3.1,0.0
427.926117,20.4823455,-103.3022868,1600.0,2.57,0.0
428.114239,20.4823498,-103.3022855,1599.9,2.46,0.0
428.31831,20.482354,-103.3022851,1599.8,2.32,0.0
428.516017,20.4823582,-103.3022853,1599.8,2.41,0.0
428.728885,20.4823624,-103.3022857,1599.7,2.39,0.0
428.920136,20.4823664,-103.3022862,1599.7,2.12,0.0
429.116845,20.4823699,-103.3022867,1599.7,1.78,0.0
429.318885,20.4823726,-103.3022873,1599.7,1.29,0.0
429.517704,20.4823742,-103.3022883,1599.7,0.83,0.0
429.731785,20.4823745,-103.3022898,1599.7,0.96,0.0
429.912216,20.4823736,-103.302292,1599.8,1.62,0.0
430.118547,20.4823714,-103.3022951,1599.8,2.41,0.0
430.317231,20.482368,-103.302299,1599.8,3.12,0.0
430.518292,20.4823635,-103.3023037,1599.8,3.82,0.0
430.73438,20.4823582,-103.3023092,1599.9,4.38,0.0
430.91828,20.4823523,-103.3023156,1599.9,4.87,0.0
431.120222,20.482346,-103.3023227,1599.9,5.24,0.0
431.319003,20.4823397,-103.3023306,1600.0,5.57,0.0
431.517839,20.4823334,-103.3023392,1600.0,5.86,0.0
431.729984,20.482327,-103.3023486,1600.0,6.14,0.0
431.920979,20.4823207,-103.3023586,1600.1,6.39,0.0
432.117631,20.4823144,-103.3023691,1600.1,6.63,0.0
432.318587,20.4823079,-103.3023801,1600.1,6.89,0.0
432.518402,20.4823012,-103.3023916,1600.1,7.13,0.0
432.730225,20.4822944,-103.3024035,1600.2,7.36,0.0
432.919287,20.4822874,-103.3024158,1600.2,7.64,0.0
433.119291,20.4822801,-103.3024285,1600.2,7.82,0.0
433.315914,20.4822727,-103.3024415,1600.3,8.03,0.0
433.509393,20.4822652,-103.3024549,1600.3,8.19,0.0
433.736096,20.4822576,-103.3024685,1600.3,8.31,0.0
433.918698,20.4822497,-103.3024824,1600.4,8.51,0.0
434.118727,20.4822418,-103.3024965,1600.4,8.65,0.0
434.318593,20.4822338,-103.3025108,1600.4,8.66,0.0
434.517368,20.4822257,-103.3025252,1600.5,8.76,0.0
434.73021,20.4822176,-103.3025396,1600.6,8.71,0.0
434.919285,20.4822096,-103.3025539,1600.6,8.6,0.0
435.118294,20.4822015,-103.3025679,1600.6,8.54,0.0
435.311612,20.4821935,-103.3025818,1600.6,8.43,0.0
435.518839,20.4821857,-103.3025956,1600.7,8.28,0.0
435.730658,20.4821782,-103.3026092,1600.7,8.2,0.0
435.921105,20.4821709,-103.3026226,1600.7,7.96,0.0
436.11553,20.4821639,-103.3026358,1600.8,7.8,0.0
436.317474,20.4821572,-103.3026488,1600.8,7.55,0.0
436.518379,20.4821509,-103.3026612,1600.8,7.11,0.0
436.734714,20.4821452,-103.3026727,1600.8,6.48,0.0
436.918247,20.4821403,-103.302683,1600.8,5.62,0.0
437.116055,20.4821361,-103.302692,1600.8,4.8,0.0
437.318271,20.4821329,-103.3026994,1600.8,3.75,0.0
437.51689,20.4821307,-103.3027052,1600.8,2.76,0.0
437.735129,20.4821295,-103.3027094,1600.7,1.87,0.0
437.917054,20.4821288,-103.3027123,1600.7,1.27,0.0
438.117495,20.4821287,-103.3027143,1600.6,0.87,0.0
438.321784,20.4821287,-103.3027158,1600.6,0.67,0.0
438.528271,20.4821287,-103.3027169,1600.6,0.58,0.0
438.741786,20.4821287,-103.3027179,1600.6,0.47,0.0
438.928699,20.4821285,-103.3027188,1600.6,0.42,0.0
439.130113,20.4821284,-103.3027195,1600.6,0.32,0.0
439.326759,20.4821284,-103.30272,1600.6,0.23,0.0
439.528445,20.4821284,-103.3027203,1600.6,0.16,0.0
439.740261,20.4821284,-103.3027206,1600.5,0.13,0.0
439.930601,20.4821283,-103.3027208,1600.5,0.12,0.0
440.131479,20.4821281,-103.3027209,1600.5,0.16,0.0
440.329009,20.4821278,-103.3027211,1600.5,0.2,0.0
440.525644,20.4821275,-103.3027212,1600.6,0.16,0.0
440.74073,20.4821272,-103.3027212,1600.6,0.16,0.0
440.927637,20.482127,-103.3027211,1600.6,0.11,0.0
441.127599,20.4821271,-103.3027209,1600.6,0.3,0.0
441.329926,20.4821274,-103.3027207,1600.5,0.82,0.0
441.516706,20.4821278,-103.3027203,1600.2,1.47,0.0
441.745539,20.4821282,-103.3027199,1599.9,1.82,0.0
441.928952,20.4821288,-103.3027193,1599.6,1.71,0.0
442.127742,20.4821292,-103.3027188,1599.3,1.71,0.0
442.325472,20.4821295,-103.3027183,1598.9,1.6,0.0
442.527417,20.4821297,-103.3027177,1598.6,1.63,0.0
442.746831,20.4821297,-103.3027172,1598.3,1.71,0.0
442.928242,20.4821297,-103.3027167,1598.0,1.71,0.0
443.11829,20.4821297,-103.3027162,1597.6,1.66,0.0
443.310652,20.4821295,-103.3027158,1597.3,1.66,0.0
443.518202,20.4821294,-103.3027154,1597.0,1.68,0.0
443.745706,20.4821292,-103.3027151,1596.7,1.61,0.0
443.928326,20.4821292,-103.3027149,1596.4,1.67,0.0
444.117482,20.4821292,-103.3027147,1596.0,1.69,0.0
444.318386,20.4821291,-103.3027148,1595.7,1.7,0.0
444.518237,20.4821291,-103.302715,1595.4,1.74,0.0
444.728922,20.4821292,-103.3027154,1595.0,1.72,0.0
444.919289,20.4821292,-103.3027158,1594.7,1.78,0.0
445.113676,20.4821292,-103.3027164,1594.4,1.8,0.0
445.315579,20.4821292,-103.3027169,1594.1,1.69,0.0
445.5189,20.4821293,-103.3027175,1593.7,1.78,0.0
445.73684,20.4821295,-103.3027179,1593.4,1.89,0.0
445.918773,20.4821297,-103.3027182,1593.0,1.9,0.0
446.118667,20.4821299,-103.3027185,1592.6,1.86,0.0
446.317129,20.48213,-103.3027189,1592.3,1.82,0.0
446.515921,20.4821302,-103.3027192,1592.0,1.8,0.0
446.730093,20.4821303,-103.3027195,1591.6,1.76,0.0
446.915591,20.4821304,-103.3027197,1591.3,1.7,0.0
447.116845,20.4821304,-103.3027198,1591.0,1.71,0.0
447.318866,20.4821303,-103.3027197,1590.6,1.78,0.0
447.517741,20.4821302,-103.3027196,1590.2,1.76,0.0
447.718699,20.4821301,-103.3027196,1589.9,1.81,0.0
447.917242,20.48213,-103.3027196,1589.6,1.77,0.0
448.117205,20.4821299,-103.3027196,1589.2,1.71,0.0
448.315942,20.4821297,-103.3027196,1588.9,1.64,0.0
448.518185,20.4821295,-103.3027196,1588.6,1.6,0.0
448.733923,20.4821293,-103.3027195,1588.3,1.69,0.0
448.918698,20.4821291,-103.3027194,1587.9,1.74,0.0
449.117725,20.4821289,-103.3027192,1587.6,1.71,0.0
449.316123,20.4821287,-103.3027189,1587.2,1.77,0.0
449.507476,20.4821285,-103.3027187,1586.9,1.75,0.0
449.73419,20.4821284,-103.3027186,1586.6,1.65,0.0
449.918883,20.4821283,-103.3027184,1586.3,1.66,0.0
450.118181,20.4821283,-103.3027183,1585.9,1.74,0.0
450.317799,20.4821284,-103.3027181,1585.6,1.69,0.0
450.517638,20.4821285,-103.3027178,1585.2,1.78,0.0
450.728189,20.4821288,-103.3027176,1584.9,1.84,0.0
450.918274,20.4821291,-103.3027176,1584.6,1.8,0.0
451.117461,20.4821294,-103.3027176,1584.2,1.68,0.0
451.308378,20.4821297,-103.3027177,1583.9,1.67,0.0
451.517118,20.48213,-103.3027179,1583.6,1.64,0.0
451.739362,20.4821301,-103.3027181,1583.2,1.68,0.0
451.918694,20.4821303,-103.3027182,1582.9,1.69,0.0
452.117641,20.4821304,-103.3027182,1582.5,1.8,0.0
452.317452,20.4821305,-103.3027182,1582.2,1.86,0.0
452.514906,20.4821305,-103.3027182,1581.8,1.79,0.0
452.728932,20.4821306,-103.3027182,1581.5,1.79,0.0
452.917041,20.4821307,-103.302718,1581.2,1.77,0.0
453.114878,20.4821307,-103.302718,1580.8,1.78,0.0
453.31774,20.4821307,-103.3027179,1580.5,1.75,0.0
453.51999,20.4821307,-103.3027179,1580.1,1.81,0.0
453.738977,20.4821306,-103.3027179,1579.8,1.85,0.0
453.923836,20.4821306,-103.3027179,1579.4,1.88,0.0
454.11724,20.4821305,-103.3027178,1579.0,1.86,0.0
454.318209,20.4821303,-103.3027177,1578.7,1.85,0.0
454.516946,20.4821302,-103.3027177,1578.3,1.79,0.0
454.73272,20.48213,-103.3027176,1578.0,1.87,0.0
454.913597,20.4821299,-103.3027176,1577.6,1.76,0.0
455.119479,20.4821297,-103.3027175,1577.3,1.79,0.0
455.317168,20.4821295,-103.3027175,1576.9,1.76,0.0
455.514809,20.4821294,-103.3027175,1576.6,1.78,0.0
455.72561,20.4821292,-103.3027174,1576.2,1.81,0.0
455.918174,20.4821291,-103.3027173,1575.9,1.74,0.0
456.12008,20.482129,-103.3027173,1575.6,1.73,0.0
456.318612,20.4821288,-103.3027172,1575.2,1.64,0.0
456.516218,20.4821287,-103.3027172,1574.9,1.66,0.0
456.737651,20.4821286,-103.3027171,1574.5,1.74,0.0
456.927856,20.4821285,-103.302717,1574.2,1.59,0.0
457.126796,20.4821283,-103.302717,1574.0,1.43,0.0
457.323569,20.4821281,-103.3027171,1573.7,1.15,0.0
457.516797,20.4821277,-103.3027171,1573.5,0.55,0.0
457.746725,20.4821273,-103.3027172,1573.5,0.25,0.0
457.924756,20.4821269,-103.3027172,1573.5,0.2,0.0
458.117047,20.4821265,-103.3027172,1573.5,0.29,0.0
458.316922,20.4821261,-103.3027171,1573.5,0.21,0.0
458.515545,20.4821258,-103.3027171,1573.4,0.14,0.0
458.733639,20.4821256,-103.302717,1573.4,0.13,0.0
458.92579,20.4821255,-103.3027169,1573.4,0.15,0.0
459.115953,20.4821255,-103.3027169,1573.4,0.17,0.0
459.308288,20.4821256,-103.3027168,1573.3,0.18,0.0
459.517762,20.4821258,-103.3027168,1573.3,0.14,0.0
459.730656,20.482126,-103.3027169,1573.4,0.4,0.0
459.917584,20.4821263,-103.3027169,1573.5,1.17,0.0
460.117457,20.4821265,-103.302717,1573.8,1.55,0.0
460.315083,20.4821267,-103.3027169,1574.1,1.86,0.0
460.518181,20.482127,-103.3027168,1574.5,1.89,0.0
460.73356,20.4821273,-103.3027167,1574.9,1.81,0.0
460.918172,20.4821275,-103.3027164,1575.2,1.93,0.0
461.110191,20.4821279,-103.3027162,1575.6,2.06,0.0
461.3168,20.4821282,-103.3027161,1576.1,2.07,0.0
461.51514,20.4821285,-103.3027161,1576.5,2.1,0.0
461.737661,20.4821289,-103.3027161,1576.9,2.1,0.0
461.919236,20.4821292,-103.3027162,1577.3,2.1,0.0
462.117035,20.4821296,-103.3027163,1577.8,2.18,0.0
462.316855,20.4821299,-103.3027164,1578.2,2.18,0.0
462.516831,20.4821302,-103.3027165,1578.6,2.18,0.0
462.727257,20.4821304,-103.3027167,1579.1,2.24,0.0
462.913572,20.4821305,-103.3027169,1579.6,2.27,0.0
463.117487,20.4821306,-103.3027171,1580.0,2.31,0.0
463.31406,20.4821305,-103.3027172,1580.5,2.26,0.0
463.517229,20.4821305,-103.3027173,1580.9,2.24,0.0
463.730095,20.4821305,-103.3027173,1581.4,2.2,0.0
463.916891,20.4821305,-103.3027173,1581.8,2.22,0.0
464.115713,20.4821304,-103.3027172,1582.3,2.26,0.0
464.317645,20.4821304,-103.3027171,1582.8,2.33,0.0
464.514299,20.4821304,-103.3027171,1583.2,2.33,0.0
464.727024,20.4821304,-103.3027171,1583.7,2.24,0.0
464.918217,20.4821304,-103.3027171,1584.1,2.26,0.0
465.116982,20.4821305,-103.3027172,1584.6,2.21,0.0
465.316874,20.4821306,-103.3027173,1585.0,2.22,0.0
465.510205,20.4821307,-103.3027174,1585.5,2.27,0.0
465.728449,20.4821308,-103.3027174,1586.0,2.32,0.0
465.917041,20.4821309,-103.3027174,1586.4,2.23,0.0
466.117063,20.4821311,-103.3027173,1586.9,2.17,0.0
466.315214,20.4821312,-103.3027171,1587.3,2.2,0.0
466.517162,20.4821313,-103.302717,1587.8,2.21,0.0
466.733631,20.4821315,-103.3027169,1588.2,2.34,0.0
466.91684,20.4821316,-103.3027169,1588.7,2.33,0.0
467.117747,20.4821316,-103.3027169,1589.2,2.29,0.0
467.30781,20.4821317,-103.302717,1589.6,2.22,0.0
467.515142,20.4821318,-103.302717,1590.0,2.22,0.0
467.733621,20.4821317,-103.3027169,1590.5,2.17,0.0
467.916941,20.4821316,-103.3027168,1591.0,2.16,0.0
468.120075,20.4821315,-103.3027167,1591.4,2.23,0.0
468.321024,20.4821313,-103.3027165,1591.9,2.3,0.0
468.525143,20.4821311,-103.3027164,1592.3,2.33,0.0
468.725891,20.4821309,-103.3027162,1592.8,2.24,0.0
468.919291,20.4821309,-103.302716,1593.2,2.25,0.0
469.116956,20.4821309,-103.3027158,1593.7,2.3,0.0
469.324375,20.4821309,-103.3027157,1594.2,2.31,0.0
469.52432,20.482131,-103.3027156,1594.6,2.29,0.0
469.744561,20.4821311,-103.3027155,1595.1,2.29,0.0
469.924892,20.4821312,-103.3027154,1595.6,2.25,0.0
470.124873,20.4821312,-103.3027153,1596.0,2.27,0.0
470.324781,20.4821313,-103.3027152,1596.5,2.33,0.0
470.522592,20.4821312,-103.3027151,1596.9,2.24,0.0
470.738419,20.4821312,-103.302715,1597.4,2.22,0.0
470.921167,20.4821311,-103.302715,1597.9,2.27,0.0
471.124318,20.482131,-103.3027151,1598.3,2.4,0.0
471.325203,20.4821308,-103.3027152,1598.8,2.34,0.0
471.526091,20.4821306,-103.3027153,1599.3,2.32,0.0
471.739046,20.4821305,-103.3027154,1599.7,2.26,0.0
471.928242,20.4821304,-103.3027156,1600.2,2.36,0.0
472.126849,20.4821303,-103.3027159,1600.7,2.4,0.0
472.325537,20.4821302,-103.3027161,1601.2,2.27,0.0
472.525327,20.4821302,-103.3027162,1601.6,2.42,0.0
472.73931,20.4821302,-103.3027165,1602.1,2.32,0.0
472.926049,20.4821302,-103.3027167,1602.6,2.41,0.0
473.127157,20.4821303,-103.3027167,1603.1,2.3,0.0
473.316244,20.4821304,-103.3027167,1603.5,2.29,0.0
473.510198,20.4821306,-103.3027166,1604.0,2.36,0.0
473.733969,20.4821308,-103.3027164,1604.5,2.22,0.0
473.916941,20.482131,-103.3027163,1604.9,1.63,0.0
474.125572,20.4821312,-103.3027163,1605.2,1.06,0.0
474.320089,20.4821315,-103.3027163,1605.3,0.46,0.0
474.516856,20.4821317,-103.3027163,1605.4,0.21,0.0
474.727237,20.482132,-103.3027164,1605.4,0.22,0.0
474.917411,20.4821321,-103.3027166,1605.4,0.39,0.0
475.117467,20.4821322,-103.3027169,1605.5,0.49,0.0
475.308953,20.4821322,-103.3027172,1605.6,0.36,0.0
475.517172,20.4821321,-103.3027175,1605.7,0.38,0.0
475.737607,20.482132,-103.3027177,1605.7,0.3,0.0
475.918285,20.4821319,-103.302718,1605.8,0.27,0.0
476.11829,20.4821318,-103.3027182,1605.8,0.11,0.0
476.316839,20.4821316,-103.3027183,1605.8,0.13,0.0
476.516836,20.4821314,-103.3027184,1605.9,0.13,0.0
476.729315,20.4821311,-103.3027184,1605.9,0.14,0.0
476.917375,20.4821309,-103.3027183,1605.9,0.17,0.0
477.107741,20.4821305,-103.3027182,1605.9,0.19,0.0
477.318293,20.4821302,-103.302718,1605.9,0.25,0.0
477.516813,20.4821298,-103.3027177,1605.9,0.25,0.0
477.731938,20.4821294,-103.3027175,1605.9,0.23,0.0
477.918956,20.482129,-103.3027172,1605.9,0.23,0.0
478.118235,20.4821287,-103.3027169,1606.0,0.2,0.0
478.315612,20.4821286,-103.3027166,1605.9,0.61,0.0
478.516824,20.4821284,-103.3027163,1605.7,1.24,0.0
478.734904,20.4821284,-103.3027161,1605.4,1.75,0.0
478.908897,20.4821285,-103.302716,1605.1,1.75,0.0
479.11764,20.4821287,-103.3027161,1604.8,1.47,0.0
479.316199,20.4821289,-103.3027162,1604.5,1.48,0.0
479.51598,20.4821293,-103.3027164,1604.2,1.5,0.0
479.728876,20.4821297,-103.3027167,1603.9,1.65,0.0
479.916932,20.4821302,-103.3027169,1603.6,1.55,0.0
480.115696,20.4821307,-103.3027171,1603.3,1.5,0.0
480.315549,20.482131,-103.3027172,1603.0,1.6,0.0
480.516861,20.4821312,-103.3027174,1602.7,1.6,0.0
480.722812,20.4821313,-103.3027174,1602.4,1.61,0.0
480.91757,20.4821313,-103.3027174,1602.0,1.62,0.0
481.116831,20.4821312,-103.3027174,1601.8,1.51,0.0
481.313884,20.4821311,-103.3027174,1601.4,1.55,0.0
481.512692,20.4821308,-103.3027176,1601.1,1.66,0.0
481.738478,20.4821306,-103.3027177,1600.8,1.65,0.0
481.915736,20.4821303,-103.3027178,1600.5,1.68,0.0
482.116923,20.48213,-103.3027179,1600.2,1.65,0.0
482.315552,20.4821297,-103.3027182,1599.8,1.6,0.0
482.512193,20.4821294,-103.3027184,1599.5,1.61,0.0
482.728305,20.4821292,-103.3027186,1599.2,1.63,0.0
482.916827,20.482129,-103.3027188,1598.9,1.59,0.0
483.115219,20.4821288,-103.3027188,1598.6,1.63,0.0
483.309993,20.4821288,-103.3027188,1598.3,1.61,0.0
483.518248,20.4821287,-103.3027188,1598.0,1.6,0.0
483.730139,20.4821288,-103.3027188,1597.6,1.65,0.0
483.914709,20.4821289,-103.3027187,1597.3,1.66,0.0
484.12764,20.482129,-103.3027186,1597.0,1.58,0.0
484.316811,20.4821291,-103.3027185,1596.7,1.61,0.0
484.517672,20.4821292,-103.3027185,1596.4,1.61,0.0
484.732737,20.4821293,-103.3027184,1596.1,1.67,0.0
484.91681,20.4821293,-103.3027183,1595.8,1.65,0.0
485.108847,20.4821294,-103.3027182,1595.4,1.73,0.0
485.3168,20.4821295,-103.302718,1595.1,1.79,0.0
485.516251,20.4821295,-103.3027179,1594.7,1.68,0.0
485.733659,20.4821295,-103.3027178,1594.4,1.73,0.0
485.917203,20.4821294,-103.3027178,1594.1,1.66,0.0
486.11511,20.4821293,-103.3027177,1593.8,1.68,0.0
486.317095,20.4821292,-103.3027177,1593.4,1.69,0.0
486.523589,20.4821291,-103.3027177,1593.1,1.63,0.0
486.737368,20.4821291,-103.3027176,1592.8,1.71,0.0
486.910336,20.482129,-103.3027177,1592.4,1.72,0.0
487.115935,20.4821288,-103.3027178,1592.1,1.67,0.0
487.32431,20.4821286,-103.3027179,1591.8,1.68,0.0
487.525573,20.4821285,-103.302718,1591.5,1.78,0.0
487.740157,20.4821284,-103.3027181,1591.1,1.8,0.0
487.920654,20.4821284,-103.3027182,1590.8,1.97,0.0
488.124839,20.4821285,-103.3027182,1590.4,1.92,0.0
488.317241,20.4821287,-103.3027182,1590.0,1.97,0.0
488.516732,20.482129,-103.3027182,1589.6,1.8,0.0
488.7225,20.4821292,-103.3027183,1589.3,1.41,0.0
488.916053,20.4821293,-103.3027184,1589.1,0.77,0.0
489.126875,20.4821295,-103.3027183,1589.0,0.31,0.0
489.320151,20.4821297,-103.3027183,1589.0,0.11,0.0
489.513709,20.4821298,-103.3027183,1589.0,0.15,0.0
489.730219,20.4821299,-103.3027183,1589.0,0.29,0.0
489.917716,20.4821299,-103.3027182,1588.9,0.32,0.0
490.116813,20.4821296,-103.3027182,1588.9,0.28,0.0
490.315492,20.4821292,-103.3027182,1588.9,0.31,0.0
490.514259,20.4821287,-103.3027183,1588.8,0.3,0.0
490.733601,20.4821283,-103.3027184,1588.8,0.31,0.0
490.91725,20.4821278,-103.3027184,1588.8,0.29,0.0
491.118561,20.4821274,-103.3027184,1588.7,0.24,0.0
491.311885,20.482127,-103.3027183,1588.7,0.24,0.0
491.516212,20.4821269,-103.3027182,1588.7,0.14,0.0
491.738584,20.4821269,-103.302718,1588.6,0.24,0.0
491.916993,20.4821271,-103.3027178,1588.6,0.21,0.0
492.114784,20.4821272,-103.3027177,1588.6,0.16,0.0
492.314589,20.4821273,-103.3027182,1588.6,0.45,0.0
492.514407,20.4821275,-103.3027196,1588.6,1.11,0.0
492.727232,20.4821276,-103.3027225,1588.6,1.84,0.0
492.916852,20.4821278,-103.3027266,1588.6,2.5,0.0
493.108868,20.4821281,-103.3027323,1588.6,3.36,0.0
493.313628,20.4821285,-103.3027391,1588.6,3.72,0.0
493.513878,20.482129,-103.3027465,1588.5,4.08,0.0
493.733603,20.4821295,-103.3027545,1588.5,4.26,0.0
493.914727,20.48213,-103.3027629,1588.5,4.39,0.0
494.117091,20.4821304,-103.3027712,1588.5,4.35,0.0
494.315628,20.4821308,-103.3027796,1588.5,4.33,0.0
494.515568,20.482131,-103.3027878,1588.4,4.24,0.0
494.727175,20.4821312,-103.3027957,1588.4,4.07,0.0
494.906807,20.4821313,-103.3028032,1588.4,3.72,0.0
495.115146,20.4821314,-103.3028101,1588.4,3.45,0.0
495.315822,20.4821314,-103.3028164,1588.3,3.23,0.0
495.515724,20.4821313,-103.3028224,1588.2,3.07,0.0
495.727363,20.4821312,-103.3028283,1588.2,3.06,0.0
495.916794,20.482131,-103.3028342,1588.1,3.18,0.0
496.115564,20.4821308,-103.3028407,1588.1,3.54,0.0
496.314214,20.4821307,-103.302848,1588.0,4.06,0.0
496.515211,20.4821306,-103.3028563,1588.0,4.65,0.0
496.724845,20.4821306,-103.3028659,1588.0,5.28,0.0
496.914951,20.4821305,-103.3028767,1587.9,5.94,0.0
497.115785,20.4821304,-103.3028885,1587.8,6.39,0.0
497.31477,20.4821304,-103.302901,1587.6,6.72,0.0
497.512287,20.4821303,-103.3029142,1587.5,7.08,0.0
497.731495,20.4821302,-103.3029281,1587.4,7.5,0.0
497.916715,20.48213,-103.3029427,1587.3,7.69,0.0
498.115135,20.4821299,-103.3029577,1587.1,7.97,0.0
498.315971,20.4821296,-103.3029731,1587.0,8.15,0.0
498.513824,20.4821294,-103.3029889,1586.9,8.35,0.0
498.736773,20.4821293,-103.3030051,1586.7,8.6,0.0
498.917638,20.4821291,-103.3030217,1586.6,8.71,0.0
499.121824,20.4821288,-103.3030385,1586.5,8.88,0.0
499.317484,20.4821284,-103.3030556,1586.3,8.96,0.0
499.523725,20.4821279,-103.3030728,1586.2,9.09,0.0
499.745081,20.4821274,-103.3030903,1586.1,9.16,0.0
499.924285,20.4821268,-103.3031079,1586.0,9.23,0.0
500.125244,20.4821262,-103.3031256,1585.8,9.3,0.0
500.320706,20.4821257,-103.3031435,1585.7,9.4,0.0
500.522748,20.4821252,-103.3031615,1585.6,9.47,0.0
500.738887,20.4821247,-103.3031795,1585.4,9.43,0.0
500.925842,20.4821242,-103.3031975,1585.2,9.47,0.0
501.118225,20.4821238,-103.3032154,1584.8,9.47,0.0
501.32391,20.4821233,-103.3032333,1584.5,9.46,0.0
501.523647,20.4821228,-103.3032511,1584.2,9.44,0.0
501.743615,20.4821223,-103.303269,1583.9,9.47,0.0
501.927094,20.4821217,-103.3032869,1583.6,9.52,0.0
502.124862,20.4821213,-103.303305,1583.3,9.57,0.0
502.325723,20.4821208,-103.3033232,1583.0,9.65,0.0
502.525583,20.4821202,-103.3033415,1582.6,9.76,0.0
502.744786,20.4821198,-103.30336,1582.3,9.87,0.0
502.916809,20.4821193,-103.3033786,1582.0,9.85,0.0
503.12759,20.482119,-103.3033973,1581.7,9.86,0.0
503.315541,20.4821186,-103.3034161,1581.5,9.83,0.0
503.515353,20.4821182,-103.3034347,1581.3,9.68,0.0
503.733914,20.4821178,-103.3034531,1581.2,9.62,0.0
503.917095,20.4821174,-103.3034715,1581.0,9.61,0.0
504.125581,20.4821169,-103.3034898,1580.9,9.6,0.0
504.323601,20.4821163,-103.3035081,1580.7,9.57,0.0
504.517581,20.4821156,-103.3035265,1580.5,9.69,0.0
504.719418,20.482115,-103.303545,1580.4,9.67,0.0
504.918223,20.4821142,-103.3035636,1580.3,9.76,0.0
505.118169,20.4821134,-103.3035821,1580.1,9.67,0.0
505.315722,20.4821124,-103.3036006,1580.0,9.69,0.0
505.517135,20.4821114,-103.3036191,1579.9,9.72,0.0
505.737043,20.4821103,-103.3036377,1579.7,9.8,0.0
505.915562,20.4821092,-103.3036564,1579.6,9.78,0.0
506.116802,20.4821083,-103.3036751,1579.4,9.8,0.0
506.316722,20.4821075,-103.3036939,1579.3,9.85,0.0
506.50996,20.4821069,-103.3037126,1579.1,9.79,0.0
506.727829,20.4821064,-103.3037314,1579.0,9.8,0.0
506.916912,20.4821059,-103.3037501,1578.9,9.81,0.0
507.114763,20.4821056,-103.3037687,1578.8,9.61,0.0
507.312258,20.4821053,-103.303787,1578.7,9.45,0.0
507.515296,20.4821051,-103.3038047,1578.6,9.07,0.0
507.729173,20.4821049,-103.3038214,1578.5,8.47,0.0
507.917174,20.4821047,-103.3038371,1578.3,7.98,0.0
508.11705,20.4821045,-103.3038514,1578.1,7.18,0.0
508.310647,20.4821043,-103.303864,1577.9,6.23,0.0
508.518837,20.4821042,-103.3038749,1577.7,5.31,0.0
508.735843,20.4821042,-103.303884,1577.5,4.45,0.0
508.915121,20.4821041,-103.3038916,1577.3,3.64,0.0
509.111793,20.4821039,-103.3038977,1577.1,3.1,0.0
509.315909,20.4821037,-103.3039029,1577.0,2.59,0.0
509.514582,20.4821033,-103.3039072,1576.8,2.26,0.0
509.732669,20.4821028,-103.3039108,1576.6,1.97,0.0
509.9152,20.4821022,-103.3039138,1576.4,1.78,0.0
510.113986,20.4821016,-103.3039165,1576.3,1.64,0.0
510.314871,20.4821011,-103.3039188,1576.1,1.59,0.0
510.515745,20.4821007,-103.3039209,1575.9,1.45,0.0
510.727475,20.4821003,-103.3039225,1575.7,1.33,0.0
510.909075,20.4821001,-103.3039239,1575.4,1.24,0.0
511.115528,20.4821,-103.303925,1575.3,1.11,0.0
511.313637,20.4820998,-103.3039257,1575.1,1.0,0.0
511.515133,20.4820997,-103.3039261,1574.9,0.74,0.0
511.738136,20.4820997,-103.3039263,1574.9,0.1,0.0
511.915884,20.4820996,-103.3039262,1574.9,0.13,0.0
512.115794,20.4820997,-103.3039258,1574.9,0.26,0.0
512.314468,20.4820998,-103.3039254,1574.9,0.32,0.0
512.513613,20.4821,-103.3039247,1574.8,0.41,0.0
512.715291,20.4821003,-103.303924,1574.8,0.47,0.0
512.915101,20.4821006,-103.3039232,1574.8,0.47,0.0
513.11389,20.4821009,-103.3039224,1574.8,0.43,0.0
513.315842,20.4821012,-103.3039217,1574.8,0.43,0.0
513.516843,20.4821015,-103.3039209,1574.8,0.41,0.0
513.728588,20.4821018,-103.3039202,1574.8,0.38,0.0
513.915362,20.4821021,-103.3039196,1574.8,0.35,0.0
514.12407,20.4821023,-103.3039189,1574.8,0.37,0.0
514.316239,20.4821026,-103.3039184,1574.8,0.29,0.0
514.51025,20.4821028,-103.3039179,1574.7,0.3,0.0
514.73204,20.4821031,-103.3039174,1574.7,0.32,0.0
514.914533,20.4821035,-103.3039169,1574.7,0.36,0.0
515.115532,20.4821039,-103.3039163,1574.8,0.43,0.0
515.313642,20.4821043,-103.3039157,1574.8,0.81,0.0
515.51358,20.4821049,-103.3039151,1575.1,1.43,0.0
515.732093,20.4821054,-103.3039144,1575.4,1.88,0.0
515.915875,20.4821059,-103.3039136,1575.8,2.23,0.0
516.113849,20.4821063,-103.3039129,1576.2,2.24,0.0
516.312264,20.4821067,-103.3039124,1576.7,2.28,0.0
516.521865,20.4821068,-103.303912,1577.2,2.27,0.0
516.736964,20.4821067,-103.3039119,1577.6,2.12,0.0
516.924777,20.4821066,-103.3039118,1578.0,1.88,0.0
517.1193,20.4821063,-103.303912,1578.4,1.65,0.0
517.323933,20.482106,-103.3039122,1578.7,1.35,0.0
517.524274,20.4821057,-103.3039125,1578.9,1.05,0.0
517.743583,20.4821054,-103.303913,1579.1,1.08,0.0
517.923942,20.4821052,-103.3039136,1579.3,0.91,0.0
518.122724,20.4821049,-103.3039142,1579.5,0.89,0.0
518.323708,20.4821047,-103.3039149,1579.6,0.85,0.0
518.512656,20.4821044,-103.3039157,1579.8,0.8,0.0
518.726823,20.4821042,-103.3039166,1579.9,0.67,0.0
518.909295,20.4821042,-103.3039172,1580.0,0.52,0.0
519.117683,20.4821045,-103.3039174,1580.1,0.35,0.0
519.320719,20.482105,-103.3039169,1580.2,0.66,0.0
519.515135,20.4821061,-103.3039155,1580.2,1.24,0.0
519.730493,20.4821075,-103.3039129,1580.2,1.92,0.0
519.916953,20.4821093,-103.303909,1580.3,2.62,0.0
520.115943,20.4821114,-103.3039037,1580.3,3.31,0.0
520.314555,20.4821136,-103.3038972,1580.3,3.9,0.0
520.515568,20.4821158,-103.3038895,1580.3,4.49,0.0
520.71734,20.4821181,-103.3038806,1580.3,5.1,0.0
520.916233,20.4821204,-103.3038706,1580.3,5.62,0.0
521.116105,20.4821229,-103.3038595,1580.3,6.21,0.0
521.316117,20.4821256,-103.3038475,1580.4,6.67,0.0
521.513913,20.4821286,-103.3038347,1580.4,7.05,0.0
521.737459,20.4821319,-103.3038214,1580.3,7.24,0.0
521.917086,20.4821355,-103.3038078,1580.3,7.49,0.0
522.114587,20.4821394,-103.303794,1580.3,7.54,0.0
522.316757,20.4821433,-103.3037801,1580.3,7.54,0.0
522.50677,20.4821473,-103.3037664,1580.3,7.46,0.0
522.726068,20.4821513,-103.3037527,1580.3,7.45,0.0
522.91676,20.4821554,-103.3037391,1580.2,7.42,0.0
523.116774,20.4821594,-103.3037256,1580.2,7.34,0.0
523.314001,20.4821634,-103.3037121,1580.2,7.33,0.0
523.51822,20.4821674,-103.3036987,1580.1,7.35,0.0
523.733581,20.4821715,-103.3036853,1580.1,7.36,0.0
523.914791,20.4821755,-103.3036718,1580.0,7.35,0.0
524.114702,20.4821795,-103.3036583,1580.0,7.4,0.0
524.308242,20.4821835,-103.3036447,1580.0,7.43,0.0
524.513599,20.4821875,-103.303631,1579.9,7.5,0.0
524.727062,20.4821914,-103.3036173,1579.9,7.31,0.0
524.915983,20.4821952,-103.3036041,1579.9,7.13,0.0
525.110631,20.4821989,-103.3035914,1579.9,6.69,0.0
525.313614,20.4822023,-103.3035798,1579.9,5.95,0.0
525.512325,20.4822054,-103.3035697,1580.0,5.15,0.0
525.725081,20.4822081,-103.3035613,1580.0,4.16,0.0
525.916792,20.4822102,-103.3035547,1580.0,3.18,0.0
526.111996,20.482212,-103.3035499,1580.0,2.18,0.0
526.312832,20.4822133,-103.3035469,1579.9,1.38,0.0
526.514807,20.4822144,-103.3035451,1579.8,1.09,0.0
526.730787,20.4822153,-103.3035442,1579.7,0.74,0.0
526.909046,20.4822159,-103.3035439,1579.6,0.57,0.0
527.115477,20.4822165,-103.3035436,1579.5,0.58,0.0
527.314363,20.482217,-103.303543,1579.5,0.49,0.0
527.51358,20.4822175,-103.3035423,1579.5,0.55,0.0
527.732186,20.4822178,-103.3035413,1579.4,0.56,0.0
527.914788,20.482218,-103.3035402,1579.4,0.57,0.0
528.113837,20.4822182,-103.3035392,1579.4,0.57,0.0
528.314466,20.4822183,-103.3035382,1579.4,0.47,0.0
528.523646,20.4822183,-103.3035373,1579.4,0.43,0.0
528.723914,20.4822183,-103.3035365,1579.4,0.38,0.0
528.918424,20.4822183,-103.3035359,1579.5,0.28,0.0
529.124087,20.4822182,-103.3035354,1579.5,0.21,0.0
529.321457,20.4822182,-103.3035351,1579.5,0.16,0.0
529.516849,20.4822181,-103.3035348,1579.5,0.1,0.0
529.736109,20.4822181,-103.3035347,1579.5,0.07,0.0
529.923563,20.4822181,-103.3035346,1579.5,0.04,0.0
530.124078,20.482218,-103.3035347,1579.5,0.09,0.0
530.323913,20.4822179,-103.3035347,1579.5,0.08,0.0
530.511816,20.4822179,-103.3035349,1579.6,0.13,0.0
530.737409,20.4822178,-103.3035351,1579.6,0.17,0.0
530.924469,20.4822177,-103.3035354,1579.6,0.18,0.0
531.12239,20.4822176,-103.3035356,1579.6,0.23,0.0
531.324267,20.4822174,-103.3035359,1579.7,0.19,0.0
531.52354,20.4822172,-103.3035362,1579.7,0.19,0.0
531.743909,20.482217,-103.3035365,1579.7,0.22,0.0
531.929301,20.4822168,-103.3035368,1579.7,0.22,0.0
532.124788,20.4822167,-103.3035372,1579.7,0.19,0.0
532.322383,20.4822165,-103.3035374,1579.8,0.18,0.0
532.524354,20.4822164,-103.3035377,1579.8,0.19,0.0
532.742671,20.4822162,-103.3035379,1579.8,0.2,0.0
532.926208,20.482216,-103.3035382,1579.8,0.19,0.0
533.123544,20.4822159,-103.3035385,1579.8,0.17,0.0
533.324008,20.4822158,-103.3035387,1579.8,0.08,0.0
533.522637,20.4822158,-103.3035388,1579.8,0.06,0.0
533.732224,20.4822157,-103.3035388,1579.8,0.03,0.0
533.915905,20.4822157,-103.3035388,1579.9,0.03,0.0
534.109305,20.4822157,-103.3035388,1579.9,0.07,0.0
534.324234,20.4822158,-103.3035387,1579.9,0.22,0.0
534.523514,20.4822161,-103.3035383,1579.9,0.29,0.0
534.725989,20.4822166,-103.3035375,1579.9,0.69,0.0
534.911812,20.4822173,-103.3035359,1579.9,1.14,0.0
535.116232,20.4822183,-103.3035334,1579.9,1.74,0.0
535.314791,20.4822195,-103.3035295,1579.9,2.42,0.0
535.515892,20.4822209,-103.3035244,1579.9,3.16,0.0
535.733948,20.4822226,-103.3035178,1579.9,3.95,0.0
535.915791,20.4822246,-103.3035097,1579.9,4.72,0.0
536.114469,20.482227,-103.3035002,1579.9,5.43,0.0
536.314346,20.4822296,-103.3034895,1579.9,6.13,0.0
536.513617,20.4822326,-103.3034776,1579.9,6.68,0.0
536.718295,20.4822358,-103.3034648,1579.9,7.16,0.0
536.916058,20.4822394,-103.3034512,1579.9,7.55,0.0
537.113967,20.4822433,-103.3034371,1579.9,7.69,0.0
537.315826,20.4822474,-103.303423,1579.9,7.76,0.0
537.515548,20.4822516,-103.3034088,1580.0,7.73,0.0
537.729288,20.4822558,-103.3033947,1580.0,7.66,0.0
537.916124,20.4822599,-103.3033808,1580.0,7.6,0.0
538.115138,20.4822641,-103.3033669,1580.0,7.55,0.0
538.31491,20.4822682,-103.3033531,1580.0,7.55,0.0
538.506032,20.4822723,-103.3033393,1580.0,7.54,0.0
538.733584,20.4822762,-103.3033256,1580.0,7.41,0.0
538.915591,20.4822802,-103.3033122,1580.0,7.22,0.0
539.117058,20.4822838,-103.3032994,1580.1,6.75,0.0
539.315316,20.4822873,-103.3032877,1580.2,6.07,0.0
539.512825,20.4822903,-103.3032773,1580.3,5.3,0.0
539.730347,20.4822928,-103.3032687,1580.4,4.27,0.0
539.913741,20.482295,-103.303262,1580.4,3.15,0.0
540.11359,20.4822967,-103.3032572,1580.5,2.18,0.0
540.30685,20.4822979,-103.303254,1580.5,1.44,0.0
540.517462,20.4822988,-103.3032521,1580.5,0.86,0.0
540.72385,20.4822995,-103.3032511,1580.4,0.65,0.0
540.915173,20.4823,-103.3032506,1580.3,0.51,0.0
541.113612,20.4823005,-103.3032502,1580.3,0.51,0.0
541.313975,20.4823009,-103.3032495,1580.2,0.51,0.0
541.513861,20.4823012,-103.3032486,1580.2,0.57,0.0
541.738581,20.4823016,-103.3032476,1580.1,0.63,0.0
541.914758,20.4823018,-103.3032465,1580.1,0.64,0.0
542.109307,20.482302,-103.3032454,1580.1,0.58,0.0
542.314391,20.4823022,-103.3032444,1580.1,0.51,0.0
542.513602,20.4823023,-103.3032434,1580.0,0.5,0.0
542.727097,20.4823026,-103.3032425,1580.0,0.56,0.0
542.912657,20.4823031,-103.3032414,1580.0,0.68,0.0
543.11387,20.4823036,-103.3032399,1580.0,0.98,0.0
543.314829,20.4823044,-103.3032377,1580.0,1.51,0.0
543.513674,20.4823053,-103.3032343,1580.0,2.12,0.0
543.731471,20.4823062,-103.3032297,1580.0,2.86,0.0
543.913506,20.4823073,-103.3032235,1580.0,3.67,0.0
544.11715,20.4823088,-103.3032158,1580.0,4.53,0.0
544.322219,20.4823108,-103.3032066,1580.0,5.25,0.0
544.523941,20.4823131,-103.3031962,1580.0,5.9,0.0
544.724088,20.4823159,-103.3031848,1580.0,6.43,0.0
544.915235,20.482319,-103.3031726,1580.0,6.69,0.0
545.115151,20.4823224,-103.3031602,1580.0,6.8,0.0
545.313608,20.4823258,-103.3031478,1580.0,6.67,0.0
545.51286,20.4823291,-103.3031357,1580.1,6.47,0.0
545.730837,20.4823322,-103.3031241,1580.1,6.18,0.0
545.91459,20.4823352,-103.3031132,1580.2,5.65,0.0
546.113636,20.482338,-103.3031034,1580.2,5.06,0.0
546.314457,20.4823406,-103.3030948,1580.3,4.4,0.0
546.505586,20.4823431,-103.3030874,1580.3,3.8,0.0
546.72497,20.4823455,-103.3030813,1580.3,3.1,0.0
546.923612,20.4823477,-103.3030766,1580.3,2.5,0.0
547.1236,20.4823498,-103.3030728,1580.2,2.08,0.0
547.320139,20.4823518,-103.3030697,1580.1,2.1,0.0
547.520874,20.4823535,-103.303067,1579.9,2.13,0.0
547.743556,20.4823551,-103.3030649,1579.5,2.36,0.0
547.9216,20.4823563,-103.3030629,1579.1,2.46,0.0
548.118214,20.482357,-103.303061,1578.7,2.26,0.0
548.311805,20.4823574,-103.3030593,1578.3,2.07,0.0
548.521809,20.4823574,-103.3030578,1577.9,1.91,0.0
548.736716,20.4823571,-103.3030568,1577.6,1.64,0.0
548.914228,20.4823565,-103.303056,1577.3,1.53,0.0
549.115202,20.4823556,-103.3030555,1577.1,1.4,0.0
549.315082,20.4823546,-103.3030551,1576.8,1.21,0.0
549.519295,20.4823537,-103.3030547,1576.6,1.12,0.0
549.739541,20.4823529,-103.3030541,1576.4,1.11,0.0
549.914552,20.4823524,-103.3030533,1576.2,1.07,0.0
550.108185,20.4823522,-103.3030523,1576.1,1.0,0.0
550.314279,20.4823524,-103.303051,1575.9,1.06,0.0
550.513981,20.4823528,-103.3030496,1575.8,1.0,0.0
550.732192,20.4823534,-103.3030482,1575.7,0.98,0.0
550.915126,20.4823541,-103.3030468,1575.6,1.08,0.0
551.114837,20.4823548,-103.3030453,1575.4,1.18,0.0
551.31557,20.4823556,-103.3030439,1575.3,0.87,0.0
551.513706,20.4823563,-103.3030427,1575.3,0.79,0.0
551.737085,20.4823569,-103.3030416,1575.2,0.7,0.0
551.911806,20.4823574,-103.3030406,1575.1,0.64,0.0
552.113893,20.4823577,-103.3030398,1575.1,0.46,0.0
552.313734,20.4823579,-103.3030391,1575.0,0.38,0.0
552.513643,20.4823581,-103.3030386,1575.0,0.35,0.0
552.717709,20.4823583,-103.3030381,1575.0,0.22,0.0
552.915559,20.4823585,-103.3030378,1575.0,0.26,0.0
553.115528,20.4823587,-103.3030374,1575.0,0.23,0.0
553.314272,20.4823589,-103.3030371,1574.9,0.24,0.0
553.512862,20.4823591,-103.3030369,1574.9,0.24,0.0
553.731125,20.4823593,-103.3030366,1574.9,0.22,0.0
553.913898,20.4823595,-103.3030364,1574.9,0.16,0.0
554.113894,20.4823597,-103.3030363,1574.8,0.2,0.0
554.313617,20.4823599,-103.3030362,1574.8,0.34,0.0
554.506861,20.4823602,-103.3030361,1574.7,0.72,0.0
554.726232,20.4823604,-103.3030361,1574.5,1.24,0.0
554.91358,20.4823607,-103.3030361,1574.2,1.63,0.0
555.11397,20.4823611,-103.3030363,1573.9,1.7,0.0
555.311789,20.4823613,-103.3030367,1573.6,1.66,0.0
555.512678,20.4823616,-103.3030371,1573.3,1.47,0.0
555.725538,20.4823618,-103.3030376,1573.0,1.38,0.0
555.919113,20.4823621,-103.3030381,1572.8,1.29,0.0
556.116846,20.4823622,-103.3030386,1572.5,1.32,0.0
556.303855,20.4823622,-103.3030391,1572.2,1.25,0.0
556.513587,20.4823621,-103.3030394,1572.0,1.15,0.0
556.729249,20.482362,-103.3030396,1571.8,1.26,0.0
556.913894,20.4823618,-103.3030399,1571.5,1.29,0.0
557.114792,20.4823615,-103.3030401,1571.3,1.19,0.0
557.314063,20.4823611,-103.3030403,1571.1,1.11,0.0
557.512416,20.4823606,-103.3030404,1570.9,1.21,0.0
557.730366,20.4823601,-103.3030404,1570.6,1.17,0.0
557.914247,20.4823597,-103.3030404,1570.4,1.09,0.0
558.105516,20.4823593,-103.3030403,1570.2,0.96,0.0
558.313896,20.482359,-103.3030403,1570.0,1.0,0.0
558.513712,20.4823588,-103.3030401,1569.9,0.87,0.0
558.723578,20.4823587,-103.3030399,1569.7,0.78,0.0
558.915524,20.4823587,-103.3030398,1569.6,0.79,0.0
559.118576,20.4823587,-103.3030396,1569.4,0.75,0.0
559.320886,20.4823587,-103.3030395,1569.3,0.83,0.0
559.516093,20.4823586,-103.3030394,1569.1,0.86,0.0
559.741859,20.4823586,-103.3030394,1568.9,0.83,0.0
559.915717,20.4823586,-103.3030393,1568.8,0.9,0.0
560.115629,20.4823587,-103.3030393,1568.6,0.9,0.0
560.313598,20.4823588,-103.3030394,1568.4,0.89,0.0
560.523821,20.4823588,-103.3030395,1568.2,0.94,0.0
560.734526,20.4823589,-103.3030397,1568.1,0.78,0.0
560.928279,20.4823589,-103.30304,1567.9,0.98,0.0
561.121616,20.4823588,-103.3030404,1567.8,0.85,0.0
561.326754,20.4823588,-103.3030407,1567.6,0.94,0.0
561.526817,20.4823588,-103.303041,1567.4,0.97,0.0
561.739307,20.4823587,-103.3030413,1567.2,0.88,0.0
561.925135,20.4823587,-103.3030416,1567.1,0.88,0.0
562.123556,20.4823587,-103.3030418,1566.9,1.02,0.0
562.32594,20.4823587,-103.3030421,1566.7,0.83,0.0
562.51946,20.4823585,-103.3030424,1566.5,1.02,0.0
562.740147,20.4823585,-103.3030426,1566.4,0.95,0.0
562.921442,20.4823585,-103.3030427,1566.2,0.93,0.0
563.122237,20.4823585,-103.3030428,1566.0,0.86,0.0
563.322094,20.4823585,-103.3030428,1565.9,0.87,0.0
563.511236,20.4823585,-103.3030428,1565.7,0.89,0.0
563.729315,20.4823585,-103.3030427,1565.5,0.86,0.0
563.91356,20.4823586,-103.3030425,1565.4,0.84,0.0
564.111866,20.4823588,-103.3030425,1565.2,0.92,0.0
564.30707,20.4823589,-103.3030424,1565.0,0.79,0.0
564.518183,20.482359,-103.3030423,1564.9,0.86,0.0
564.738301,20.4823591,-103.303042,1564.8,0.76,0.0
564.914269,20.4823597,-103.3030424,1564.8,1.04,0.0
565.114274,20.4823604,-103.3030429,1564.8,0.3,0.0
565.313596,20.4823608,-103.3030433,1564.8,0.61,0.0
565.513919,20.482361,-103.3030441,1564.8,0.72,0.0
565.73207,20.4823606,-103.3030447,1564.8,0.32,0.0
565.914782,20.4823606,-103.3030448,1564.8,0.32,0.0
566.106042,20.4823606,-103.3030449,1564.8,0.23,0.0
566.313709,20.4823604,-103.3030449,1564.8,0.02,0.0
566.510983,20.4823604,-103.3030449,1564.8,0.01,0.0
566.724812,20.4823604,-103.3030449,1564.8,0.02,0.0
566.914002,20.4823604,-103.3030449,1564.8,0.07,0.0
567.11262,20.4823604,-103.3030448,1564.8,0.03,0.0
567.314479,20.4823604,-103.3030448,1564.8,0.02,0.0
567.513627,20.4823604,-103.3030448,1564.8,0.04,0.0
567.725997,20.4823603,-103.3030448,1564.8,0.04,0.0
567.906786,20.4823603,-103.3030447,1564.8,0.01,0.0
568.113893,20.4823603,-103.3030447,1564.8,0.06,0.0
568.311484,20.4823603,-103.3030446,1564.8,0.05,0.0
568.512307,20.4823603,-103.3030446,1564.8,0.06,0.0
568.727226,20.4823603,-103.3030446,1564.8,0.03,0.0
568.913624,20.4823603,-103.3030446,1564.8,0.02,0.0
569.114278,20.4823603,-103.3030445,1564.8,0.04,0.0
569.313831,20.4823603,-103.3030445,1564.8,0.02,0.0
569.511752,20.4823603,-103.3030444,1564.8,0.02,0.0
